{
  "implemented": true,
  "name": "Decidueye",
  "nationalPokedexNumber": 724,
  "primaryType": "grass",
  "secondaryType": "ghost",
  "abilities": [
    "overgrow",
    "h:longreach"
  ],
  "baseStats": {
    "hp": 78,
    "attack": 107,
    "defence": 75,
    "special_attack": 100,
    "special_defence": 100,
    "speed": 70
  },
  "features": [
    "hisuian"
  ],
  "catchRate": 45,
  "maleRatio": 0.875,
  "shoulderMountable": false,
  "forms": [
    {
      "name": "Hisui",
      "primaryType": "grass",
      "secondaryType": "fighting",
      "abilities": [
        "overgrow",
        "h:scrappy"
      ],
      "baseStats": {
        "hp": 88,
        "attack": 112,
        "defence": 80,
        "special_attack": 95,
        "special_defence": 95,
        "speed": 60
      },
      "catchRate": 45,
      "maleRatio": 0.875,
      "baseExperienceYield": 265,
      "baseFriendship": 50,
      "evYield": {
        "hp": 0,
        "attack": 3,
        "defence": 0,
        "special_attack": 0,
        "special_defence": 0,
        "speed": 0
      },
      "experienceGroup": "medium_slow",
      "eggCycles": 15,
      "eggGroups": [
        "flying"
      ],
      "moves": [
        "1:growl",
        "1:leafage",
        "1:leafstorm",
        "1:tackle",
        "1:uturn",
        "9:peck",
        "12:shadowsneak",
        "15:razorleaf",
        "20:synthesis",
        "25:pluck",
        "30:bulkup",
        "37:suckerpunch",
        "44:leafblade",
        "51:featherdance",
        "58:bravebird",
        "tm:aerialace",
        "tm:aircutter",
        "tm:airslash",
        "tm:aurasphere",
        "tm:batonpass",
        "tm:bravebird",
        "tm:brickbreak",
        "tm:bulkup",
        "tm:bulletseed",
        "tm:closecombat",
        "tm:coaching",
        "tm:confuseray",
        "tm:dualwingbeat",
        "tm:endure",
        "tm:energyball",
        "tm:facade",
        "tm:falseswipe",
        "tm:featherdance",
        "tm:focusblast",
        "tm:focuspunch",
        "tm:frenzyplant",
        "tm:gigadrain",
        "tm:gigaimpact",
        "tm:grassknot",
        "tm:grasspledge",
        "tm:grassyglide",
        "tm:grassyterrain",
        "tm:haze",
        "tm:helpinghand",
        "tm:hyperbeam",
        "tm:knockoff",
        "tm:leafstorm",
        "tm:lightscreen",
        "tm:lowkick",
        "tm:lowsweep",
        "tm:magicalleaf",
        "tm:nastyplot",
        "tm:nightshade",
        "tm:protect",
        "tm:raindance",
        "tm:rest",
        "tm:reversal",
        "tm:rocktomb",
        "tm:scaryface",
        "tm:seedbomb",
        "tm:shadowclaw",
        "tm:sleeptalk",
        "tm:smackdown",
        "tm:solarbeam",
        "tm:substitute",
        "tm:sunnyday",
        "tm:swift",
        "tm:swordsdance",
        "tm:tailwind",
        "tm:takedown",
        "tm:taunt",
        "tm:terablast",
        "tm:trailblaze",
        "tm:upperhand",
        "tm:uturn"
      ],
      "labels": [
        "gen8",
        "hisui_regional"
      ],
      "aspects": [
        "hisuian"
      ],
      "height": 16,
      "weight": 370,
      "preEvolution": "dartrix region_bias=hisui",
      "baseScale": 0.65,
      "hitbox": {
        "width": 0.9,
        "height": 3,
        "fixed": false
      },
      "cannotDynamax": false,
      "battleOnly": false
    }
  ],
  "baseExperienceYield": 265,
  "experienceGroup": "medium_slow",
  "eggCycles": 15,
  "eggGroups": [
    "flying"
  ],
  "drops": {
    "amount": 5,
    "entries": [
      {
        "item": "minecraft:feather",
        "quantityRange": "0-3"
      },
      {
        "item": "minecraft:chicken"
      },
      {
        "item": "cobblemon:miracle_seed",
        "percentage": 25.0
      }
    ]
  },
  "behaviour": {
    "moving": {
      "fly": {
        "canFly": true
      }
    }
  },
  "moves": [
    "1:astonish",
    "1:growl",
    "1:leafage",
    "1:leafstorm",
    "1:phantomforce",
    "1:spite",
    "1:tackle",
    "1:uturn",
    "9:peck",
    "12:shadowsneak",
    "15:razorleaf",
    "16:ominouswind",
    "19:foresight",
    "20:synthesis",
    "25:pluck",
    "30:nastyplot",
    "33:furyattack",
    "37:suckerpunch",
    "44:leafblade",
    "51:featherdance",
    "58:bravebird",
    "60:poltergeist",
    "tm:acrobatics",
    "tm:aerialace",
    "tm:aircutter",
    "tm:airslash",
    "tm:attract",
    "tm:batonpass",
    "tm:bravebird",
    "tm:bulletseed",
    "tm:confide",
    "tm:confuseray",
    "tm:curse",
    "tm:doubleteam",
    "tm:dualwingbeat",
    "tm:echoedvoice",
    "tm:endure",
    "tm:energyball",
    "tm:facade",
    "tm:falseswipe",
    "tm:featherdance",
    "tm:frenzyplant",
    "tm:frustration",
    "tm:gigadrain",
    "tm:gigaimpact",
    "tm:grassknot",
    "tm:grasspledge",
    "tm:grassyglide",
    "tm:grassyterrain",
    "tm:haze",
    "tm:helpinghand",
    "tm:hex",
    "tm:hiddenpower",
    "tm:hurricane",
    "tm:hyperbeam",
    "tm:imprison",
    "tm:knockoff",
    "tm:leafblade",
    "tm:leafstorm",
    "tm:lightscreen",
    "tm:lowkick",
    "tm:lowsweep",
    "tm:magicalleaf",
    "tm:nastyplot",
    "tm:naturepower",
    "tm:nightshade",
    "tm:phantomforce",
    "tm:poltergeist",
    "tm:protect",
    "tm:psychocut",
    "tm:raindance",
    "tm:rest",
    "tm:return",
    "tm:roost",
    "tm:round",
    "tm:safeguard",
    "tm:seedbomb",
    "tm:shadowball",
    "tm:shadowclaw",
    "tm:skittersmack",
    "tm:sleeptalk",
    "tm:smackdown",
    "tm:snore",
    "tm:solarbeam",
    "tm:solarblade",
    "tm:spite",
    "tm:steelwing",
    "tm:substitute",
    "tm:sunnyday",
    "tm:swagger",
    "tm:swift",
    "tm:swordsdance",
    "tm:tailwind",
    "tm:takedown",
    "tm:terablast",
    "tm:toxic",
    "tm:trailblaze",
    "tm:uturn",
    "tm:workup",
    "tutor:bravebird",
    "tutor:covet",
    "tutor:defog",
    "tutor:dualwingbeat",
    "tutor:frenzyplant",
    "tutor:gigadrain",
    "tutor:grasspledge",
    "tutor:grassyglide",
    "tutor:laserfocus",
    "tutor:leafblade",
    "tutor:phantomforce",
    "tutor:poltergeist",
    "tutor:seedbomb",
    "tutor:shadowsneak",
    "tutor:skittersmack",
    "tutor:skyattack",
    "tutor:snore",
    "tutor:spite",
    "tutor:synthesis",
    "tutor:tailwind",
    "tutor:worryseed"
  ],
  "labels": [
    "gen7",
    "alola_regional"
  ],
  "pokedex": [
    "cobblemon.species.decidueye.desc"
  ],
  "preEvolution": "dartrix",
  "evolutions": [],
  "baseScale": 0.65,
  "hitbox": {
    "width": 0.9,
    "height": 3,
    "fixed": false
  },
  "baseFriendship": 50,
  "evYield": {
    "hp": 0,
    "attack": 3,
    "defence": 0,
    "special_attack": 0,
    "special_defence": 0,
    "speed": 0
  },
  "height": 16,
  "weight": 366,
  "aspects": [],
  "cannotDynamax": false
}
