{
  "implemented": true,
  "name": "Electivire",
  "nationalPokedexNumber": 466,
  "primaryType": "electric",
  "abilities": [
    "motordrive",
    "h:vitalspirit"
  ],
  "drops": {
    "amount": 5,
    "entries": [
      {
        "item": "minecraft:redstone",
        "quantityRange": "0-3"
      },
      {
        "item": "cobblemon:electirizer",
        "percentage": 10.0
      },
      {
        "item": "cobblemon:cheri_berry",
        "percentage": 10.0
      }
    ]
  },
  "baseStats": {
    "hp": 75,
    "attack": 123,
    "defence": 67,
    "special_attack": 95,
    "special_defence": 85,
    "speed": 95
  },
  "catchRate": 30,
  "maleRatio": 0.75,
  "shoulderMountable": false,
  "baseExperienceYield": 270,
  "experienceGroup": "medium_fast",
  "eggCycles": 25,
  "eggGroups": [
    "human_like"
  ],
  "moves": [
    "1:charge",
    "1:electricterrain",
    "1:firepunch",
    "1:iondeluge",
    "1:leer",
    "1:lowkick",
    "1:quickattack",
    "1:thundershock",
    "12:swift",
    "15:shockwave",
    "16:shockwave",
    "16:swift",
    "19:shockwave",
    "19:thunderwave",
    "20:thunderwave",
    "21:shockwave",
    "22:electroball",
    "24:screech",
    "25:lightscreen",
    "26:lightscreen",
    "28:thunderpunch",
    "29:thunderpunch",
    "32:electroball",
    "34:discharge",
    "36:discharge",
    "37:discharge",
    "38:thunderpunch",
    "40:lowkick",
    "42:screech",
    "43:thunderbolt",
    "44:discharge",
    "46:thunderbolt",
    "49:thunderbolt",
    "50:thunderbolt",
    "52:lightscreen",
    "52:screech",
    "55:thunder",
    "56:screech",
    "58:thunder",
    "60:supercellslam",
    "62:gigaimpact",
    "62:thunder",
    "64:gigaimpact",
    "67:gigaimpact",
    "68:gigaimpact",
    "tm:attract",
    "tm:bodyslam",
    "tm:brickbreak",
    "tm:bulkup",
    "tm:bulldoze",
    "tm:captivate",
    "tm:charge",
    "tm:chargebeam",
    "tm:confide",
    "tm:darkestlariat",
    "tm:dig",
    "tm:doubleedge",
    "tm:doubleteam",
    "tm:earthquake",
    "tm:eerieimpulse",
    "tm:electricterrain",
    "tm:electroball",
    "tm:electroweb",
    "tm:endure",
    "tm:facade",
    "tm:firepunch",
    "tm:flamethrower",
    "tm:flash",
    "tm:fling",
    "tm:focusblast",
    "tm:focuspunch",
    "tm:frustration",
    "tm:gigaimpact",
    "tm:helpinghand",
    "tm:hiddenpower",
    "tm:hyperbeam",
    "tm:icepunch",
    "tm:irontail",
    "tm:knockoff",
    "tm:lightscreen",
    "tm:lowkick",
    "tm:lowsweep",
    "tm:megakick",
    "tm:megapunch",
    "tm:metalsound",
    "tm:metronome",
    "tm:naturalgift",
    "tm:poweruppunch",
    "tm:protect",
    "tm:psychic",
    "tm:raindance",
    "tm:reflect",
    "tm:rest",
    "tm:return",
    "tm:rockclimb",
    "tm:rockslide",
    "tm:rocksmash",
    "tm:rocktomb",
    "tm:round",
    "tm:screech",
    "tm:secretpower",
    "tm:shockwave",
    "tm:sleeptalk",
    "tm:snore",
    "tm:stompingtantrum",
    "tm:strength",
    "tm:substitute",
    "tm:supercellslam",
    "tm:swagger",
    "tm:swift",
    "tm:takedown",
    "tm:taunt",
    "tm:terablast",
    "tm:thief",
    "tm:thunder",
    "tm:thunderbolt",
    "tm:thunderpunch",
    "tm:thunderwave",
    "tm:torment",
    "tm:toxic",
    "tm:trailblaze",
    "tm:uproar",
    "tm:voltswitch",
    "tm:weatherball",
    "tm:wildcharge",
    "tutor:covet",
    "tutor:crosschop",
    "tutor:discharge",
    "tutor:dualchop",
    "tutor:earthquake",
    "tutor:electroweb",
    "tutor:firepunch",
    "tutor:focuspunch",
    "tutor:headbutt",
    "tutor:helpinghand",
    "tutor:icepunch",
    "tutor:irontail",
    "tutor:lightscreen",
    "tutor:lowkick",
    "tutor:magnetrise",
    "tutor:mudslap",
    "tutor:risingvoltage",
    "tutor:shockwave",
    "tutor:signalbeam",
    "tutor:sleeptalk",
    "tutor:snore",
    "tutor:stompingtantrum",
    "tutor:swift",
    "tutor:thunderbolt",
    "tutor:thunderpunch"
  ],
  "labels": [
    "gen4"
  ],
  "pokedex": [
    "cobblemon.species.electivire.desc"
  ],
  "preEvolution": "electabuzz",
  "evolutions": [],
  "baseScale": 1.35,
  "hitbox": {
    "width": 1,
    "height": 2.1,
    "fixed": false
  },
  "baseFriendship": 50,
  "evYield": {
    "hp": 0,
    "attack": 3,
    "defence": 0,
    "special_attack": 0,
    "special_defence": 0,
    "speed": 0
  },
  "height": 18,
  "weight": 1386,
  "aspects": [],
  "cannotDynamax": false
}
