{
  "implemented": true,
  "name": "Infernape",
  "nationalPokedexNumber": 392,
  "primaryType": "fire",
  "secondaryType": "fighting",
  "abilities": [
    "blaze",
    "h:ironfist"
  ],
  "drops": {
    "amount": 1,
    "entries": [
      {
        "item": "cobblemon:charcoal_stick",
        "percentage": 25.0
      }
    ]
  },
  "baseStats": {
    "hp": 76,
    "attack": 104,
    "defence": 71,
    "special_attack": 104,
    "special_defence": 71,
    "speed": 108
  },
  "behaviour": {
    "resting": {
      "canSleep": false,
      "willSleepOnBed": false,
      "depth": "normal",
      "light": "0-4"
    }
  },
  "catchRate": 45,
  "maleRatio": 0.875,
  "shoulderMountable": false,
  "baseExperienceYield": 240,
  "experienceGroup": "medium_slow",
  "eggCycles": 20,
  "eggGroups": [
    "field",
    "human_like"
  ],
  "moves": [
    "1:closecombat",
    "1:ember",
    "1:flareblitz",
    "1:leer",
    "1:machpunch",
    "1:scratch",
    "1:slackoff",
    "1:taunt",
    "14:machpunch",
    "16:furyswipes",
    "17:furyswipes",
    "19:flamewheel",
    "21:flamewheel",
    "26:feint",
    "29:torment",
    "29:punishment",
    "33:punishment",
    "36:closecombat",
    "42:firespin",
    "47:flareblitz",
    "52:acrobatics",
    "53:calmmind",
    "57:flareblitz",
    "58:calmmind",
    "60:focusblast",
    "65:ragingfury",
    "tm:acrobatics",
    "tm:aerialace",
    "tm:agility",
    "tm:attract",
    "tm:aurasphere",
    "tm:blastburn",
    "tm:bodyslam",
    "tm:brickbreak",
    "tm:bulkup",
    "tm:bulldoze",
    "tm:burningjealousy",
    "tm:calmmind",
    "tm:captivate",
    "tm:closecombat",
    "tm:coaching",
    "tm:confide",
    "tm:cut",
    "tm:dig",
    "tm:doubleedge",
    "tm:doubleteam",
    "tm:drainpunch",
    "tm:earthquake",
    "tm:encore",
    "tm:endeavor",
    "tm:endure",
    "tm:facade",
    "tm:faketears",
    "tm:fireblast",
    "tm:firepledge",
    "tm:firepunch",
    "tm:firespin",
    "tm:flamecharge",
    "tm:flamethrower",
    "tm:flareblitz",
    "tm:fling",
    "tm:focusblast",
    "tm:focuspunch",
    "tm:frustration",
    "tm:gigaimpact",
    "tm:grassknot",
    "tm:gunkshot",
    "tm:heatwave",
    "tm:helpinghand",
    "tm:hiddenpower",
    "tm:honeclaws",
    "tm:hyperbeam",
    "tm:incinerate",
    "tm:irontail",
    "tm:knockoff",
    "tm:lashout",
    "tm:lowkick",
    "tm:lowsweep",
    "tm:metronome",
    "tm:mudslap",
    "tm:nastyplot",
    "tm:naturalgift",
    "tm:overheat",
    "tm:poisonjab",
    "tm:poweruppunch",
    "tm:protect",
    "tm:psychup",
    "tm:rest",
    "tm:retaliate",
    "tm:return",
    "tm:reversal",
    "tm:roar",
    "tm:rockclimb",
    "tm:rockslide",
    "tm:rocksmash",
    "tm:rocktomb",
    "tm:round",
    "tm:scaryface",
    "tm:scorchingsands",
    "tm:secretpower",
    "tm:shadowclaw",
    "tm:sleeptalk",
    "tm:smackdown",
    "tm:solarbeam",
    "tm:stealthrock",
    "tm:stoneedge",
    "tm:strength",
    "tm:substitute",
    "tm:sunnyday",
    "tm:swagger",
    "tm:swift",
    "tm:swordsdance",
    "tm:takedown",
    "tm:taunt",
    "tm:temperflare",
    "tm:terablast",
    "tm:thief",
    "tm:throatchop",
    "tm:thunderpunch",
    "tm:torment",
    "tm:toxic",
    "tm:upperhand",
    "tm:uproar",
    "tm:uturn",
    "tm:vacuumwave",
    "tm:willowisp",
    "tm:workup",
    "tm:zenheadbutt",
    "tutor:blastburn",
    "tutor:closecombat",
    "tutor:covet",
    "tutor:dualchop",
    "tutor:endeavor",
    "tutor:fireblast",
    "tutor:firepledge",
    "tutor:firepunch",
    "tutor:focuspunch",
    "tutor:grassknot",
    "tutor:gunkshot",
    "tutor:headbutt",
    "tutor:heatwave",
    "tutor:helpinghand",
    "tutor:irontail",
    "tutor:laserfocus",
    "tutor:lowkick",
    "tutor:mudslap",
    "tutor:roleplay",
    "tutor:rollout",
    "tutor:sleeptalk",
    "tutor:snore",
    "tutor:stealthrock",
    "tutor:swift",
    "tutor:thunderpunch",
    "tutor:uturn",
    "tutor:vacuumwave"
  ],
  "labels": [
    "gen4"
  ],
  "pokedex": [
    "cobblemon.species.infernape.desc"
  ],
  "preEvolution": "monferno",
  "evolutions": [],
  "baseScale": 0.65,
  "hitbox": {
    "width": 1.3,
    "height": 2.5,
    "fixed": false
  },
  "baseFriendship": 70,
  "evYield": {
    "hp": 0,
    "attack": 1,
    "defence": 0,
    "special_attack": 1,
    "special_defence": 0,
    "speed": 1
  },
  "height": 12,
  "weight": 550,
  "aspects": [],
  "cannotDynamax": false
}
