{
    "enabled": true,
    "neededInstalledMods": [],
    "neededUninstalledMods": [],
    "spawns": [
        {
            "id": "chienpao-1",
            "pokemon": "chienpao",
            "type": "pokemon",
            "context": "grounded",
            "bucket": "ultra-rare",
            "level": "60-80",
            "weight": 3.0,
            "condition": {
                "canSeeSky": true,
                "biomes": [
                    "#cobblemon:is_glacial"
                ]
            }
        }
    ]
}