{
  "implemented": true,
  "name": "Carracosta",
  "nationalPokedexNumber": 565,
  "primaryType": "water",
  "secondaryType": "rock",
  "abilities": [
    "solidrock",
    "sturdy",
    "h:swiftswim"
  ],
  "drops": {
    "amount": 3,
    "entries": [
      {
        "item": "minecraft:scute",
        "quantityRange": "0-3"
      }
    ]
  },
  "baseStats": {
    "hp": 74,
    "attack": 108,
    "defence": 133,
    "special_attack": 83,
    "special_defence": 65,
    "speed": 32
  },
  "behaviour": {
    "moving": {
      "walk": {
        "avoidsLand": false,
        "walkSpeed": 0.14
      },
      "swim": {
        "swimSpeed": 0.2,
        "canSwimInWater": true,
        "canBreatheUnderwater": true
      }
    },
    "resting": {
      "canSleep": true,
      "willSleepOnBed": false,
      "depth": "normal",
      "light": "0-4"
    }
  },
  "catchRate": 45,
  "maleRatio": 0.875,
  "shoulderMountable": false,
  "baseExperienceYield": 173,
  "experienceGroup": "medium_fast",
  "eggCycles": 30,
  "eggGroups": [
    "water_1",
    "water_3"
  ],
  "moves": [
    "1:aquajet",
    "1:bide",
    "1:protect",
    "1:rollout",
    "1:watergun",
    "1:withdraw",
    "9:smackdown",
    "12:ancientpower",
    "15:bite",
    "18:wideguard",
    "21:brine",
    "24:rockslide",
    "27:crunch",
    "30:curse",
    "33:irondefense",
    "36:aquatail",
    "41:raindance",
    "46:hydropump",
    "51:shellsmash",
    "60:scald",
    "tm:attract",
    "tm:blizzard",
    "tm:bodyslam",
    "tm:brine",
    "tm:bulldoze",
    "tm:confide",
    "tm:crunch",
    "tm:dig",
    "tm:dive",
    "tm:doubleteam",
    "tm:earthpower",
    "tm:earthquake",
    "tm:endure",
    "tm:facade",
    "tm:focusblast",
    "tm:frustration",
    "tm:gigaimpact",
    "tm:guardswap",
    "tm:hiddenpower",
    "tm:hydropump",
    "tm:hyperbeam",
    "tm:icebeam",
    "tm:icywind",
    "tm:irondefense",
    "tm:ironhead",
    "tm:irontail",
    "tm:liquidation",
    "tm:lowkick",
    "tm:muddywater",
    "tm:mudshot",
    "tm:protect",
    "tm:raindance",
    "tm:razorshell",
    "tm:rest",
    "tm:return",
    "tm:rockblast",
    "tm:rockpolish",
    "tm:rockslide",
    "tm:rocksmash",
    "tm:rocktomb",
    "tm:round",
    "tm:sandstorm",
    "tm:scald",
    "tm:secretpower",
    "tm:sleeptalk",
    "tm:smackdown",
    "tm:snore",
    "tm:stealthrock",
    "tm:stoneedge",
    "tm:strength",
    "tm:substitute",
    "tm:superpower",
    "tm:surf",
    "tm:swagger",
    "tm:toxic",
    "tm:waterfall",
    "tm:whirlpool",
    "tm:zenheadbutt",
    "tutor:aquatail",
    "tutor:block",
    "tutor:earthpower",
    "tutor:icywind",
    "tutor:irondefense",
    "tutor:ironhead",
    "tutor:irontail",
    "tutor:knockoff",
    "tutor:liquidation",
    "tutor:lowkick",
    "tutor:meteorbeam",
    "tutor:sleeptalk",
    "tutor:snore",
    "tutor:stealthrock",
    "tutor:superpower",
    "tutor:waterpulse",
    "tutor:zenheadbutt"
  ],
  "labels": [
    "gen5"
  ],
  "pokedex": [
    "cobblemon.species.carracosta.desc"
  ],
  "preEvolution": "tirtouga",
  "evolutions": [],
  "baseScale": 1,
  "hitbox": {
    "width": 1.1,
    "height": 1.9,
    "fixed": false
  },
  "baseFriendship": 50,
  "evYield": {
    "hp": 0,
    "attack": 0,
    "defence": 2,
    "special_attack": 0,
    "special_defence": 0,
    "speed": 0
  },
  "height": 12,
  "weight": 810,
  "aspects": [],
  "cannotDynamax": false
}
