{
  "implemented": true,
  "name": "Cryogonal",
  "nationalPokedexNumber": 615,
  "primaryType": "ice",
  "abilities": [
    "levitate"
  ],
  "drops": {
    "amount": 2,
    "entries": [
      {
        "item": "cobblemon:never_melt_ice",
        "percentage": 5.0
      },
      {
        "item": "cobblemon:aspear_berry",
        "percentage": 5.0
      }
    ]
  },
  "baseStats": {
    "hp": 80,
    "attack": 50,
    "defence": 50,
    "special_attack": 95,
    "special_defence": 135,
    "speed": 105
  },
  "behaviour": {
    "resting": {
      "canSleep": true,
      "willSleepOnBed": false,
      "depth": "normal",
      "light": "0-4"
    }
  },
  "catchRate": 25,
  "maleRatio": -1,
  "shoulderMountable": false,
  "baseExperienceYield": 180,
  "experienceGroup": "medium_fast",
  "eggCycles": 25,
  "eggGroups": [
    "mineral"
  ],
  "moves": [
    "1:bind",
    "1:iceshard",
    "1:sharpen",
    "4:confuseray",
    "8:rapidspin",
    "12:icywind",
    "12:laserfocus",
    "16:haze",
    "16:mist",
    "20:ancientpower",
    "24:aurorabeam",
    "28:slash",
    "32:nightslash",
    "36:freezedry",
    "40:lightscreen",
    "40:reflect",
    "44:recover",
    "48:icebeam",
    "52:acidarmor",
    "56:solarbeam",
    "60:tripleaxel",
    "60:sheercold",
    "egg:auroraveil",
    "egg:explosion",
    "egg:frostbreath",
    "tm:acrobatics",
    "tm:attract",
    "tm:auroraveil",
    "tm:avalanche",
    "tm:blizzard",
    "tm:bodyslam",
    "tm:chillingwater",
    "tm:confide",
    "tm:confuseray",
    "tm:doubleteam",
    "tm:endure",
    "tm:explosion",
    "tm:facade",
    "tm:flashcannon",
    "tm:frostbreath",
    "tm:frustration",
    "tm:gigaimpact",
    "tm:hail",
    "tm:haze",
    "tm:hiddenpower",
    "tm:hyperbeam",
    "tm:icebeam",
    "tm:icespinner",
    "tm:iciclespear",
    "tm:icywind",
    "tm:irondefense",
    "tm:lightscreen",
    "tm:poisonjab",
    "tm:protect",
    "tm:raindance",
    "tm:reflect",
    "tm:rest",
    "tm:return",
    "tm:round",
    "tm:scaryface",
    "tm:secretpower",
    "tm:selfdestruct",
    "tm:sleeptalk",
    "tm:snore",
    "tm:snowscape",
    "tm:solarbeam",
    "tm:substitute",
    "tm:swagger",
    "tm:takedown",
    "tm:terablast",
    "tm:tripleaxel",
    "tm:toxic",
    "tm:waterpulse",
    "tutor:bind",
    "tutor:defog",
    "tutor:icywind",
    "tutor:irondefense",
    "tutor:knockoff",
    "tutor:laserfocus",
    "tutor:magiccoat",
    "tutor:signalbeam",
    "tutor:sleeptalk",
    "tutor:snore",
    "tutor:tripleaxel",
    "tutor:waterpulse"
  ],
  "labels": [
    "gen5"
  ],
  "pokedex": [
    "cobblemon.species.cryogonal.desc"
  ],
  "evolutions": [],
  "baseScale": 0.9,
  "hitbox": {
    "width": 1.5,
    "height": 2.2,
    "fixed": false
  },
  "baseFriendship": 50,
  "evYield": {
    "hp": 0,
    "attack": 0,
    "defence": 0,
    "special_attack": 0,
    "special_defence": 2,
    "speed": 0
  },
  "height": 11,
  "weight": 1480,
  "aspects": [],
  "cannotDynamax": false
}
