{
  "implemented": true,
  "name": "Samurott",
  "nationalPokedexNumber": 503,
  "primaryType": "water",
  "abilities": [
    "torrent",
    "h:shellarmor"
  ],
  "drops": {
    "amount": 2,
    "entries": [
      {
        "item": "cobblemon:mystic_water",
        "percentage": 25.0
      },
      {
        "item": "minecraft:nautilus_shell",
        "percentage": 25.0
      }
    ]
  },
  "baseStats": {
    "hp": 95,
    "attack": 100,
    "defence": 85,
    "special_attack": 108,
    "special_defence": 70,
    "speed": 70
  },
  "features": [
    "hisuian"
  ],
  "catchRate": 45,
  "maleRatio": 0.875,
  "shoulderMountable": false,
  "forms": [
    {
      "name": "Hisui",
      "primaryType": "water",
      "secondaryType": "dark",
      "abilities": [
        "torrent",
        "h:sharpness"
      ],
      "baseStats": {
        "hp": 90,
        "attack": 108,
        "defence": 80,
        "special_attack": 100,
        "special_defence": 65,
        "speed": 85
      },
      "behaviour": {
        "resting": {
          "canSleep": true,
          "willSleepOnBed": false,
          "depth": "normal",
          "light": "0-4"
        },
        "moving": {
          "swim": {
            "canSwimInWater": true,
            "canBreatheUnderwater": true
          }
        }
      },
      "catchRate": 45,
      "maleRatio": 0.875,
      "baseExperienceYield": 238,
      "baseFriendship": 70,
      "evYield": {
        "hp": 0,
        "attack": 0,
        "defence": 0,
        "special_attack": 3,
        "special_defence": 0,
        "speed": 0
      },
      "experienceGroup": "medium_slow",
      "eggCycles": 20,
      "eggGroups": [
        "field"
      ],
      "moves": [
        "1:megahorn",
        "1:slash",
        "1:suckerpunch",
        "1:tackle",
        "1:tailwhip",
        "1:watergun",
        "13:focusenergy",
        "18:razorshell",
        "21:furycutter",
        "25:waterpulse",
        "29:aerialace",
        "34:aquajet",
        "39:encore",
        "46:aquatail",
        "51:retaliate",
        "58:swordsdance",
        "60:waterpledge",
        "63:hydropump",
        "tm:aerialace",
        "tm:airslash",
        "tm:avalanche",
        "tm:blizzard",
        "tm:bodyslam",
        "tm:brickbreak",
        "tm:bulldoze",
        "tm:chillingwater",
        "tm:darkpulse",
        "tm:dig",
        "tm:drillrun",
        "tm:encore",
        "tm:endure",
        "tm:facade",
        "tm:falseswipe",
        "tm:fling",
        "tm:flipturn",
        "tm:gigaimpact",
        "tm:grassknot",
        "tm:helpinghand",
        "tm:hydrocannon",
        "tm:hydropump",
        "tm:hyperbeam",
        "tm:icebeam",
        "tm:icywind",
        "tm:knockoff",
        "tm:lashout",
        "tm:liquidation",
        "tm:protect",
        "tm:raindance",
        "tm:rest",
        "tm:scaryface",
        "tm:sleeptalk",
        "tm:smartstrike",
        "tm:snarl",
        "tm:snowscape",
        "tm:substitute",
        "tm:surf",
        "tm:swift",
        "tm:swordsdance",
        "tm:takedown",
        "tm:taunt",
        "tm:terablast",
        "tm:thief",
        "tm:throatchop",
        "tm:upperhand",
        "tm:vacuumwave",
        "tm:waterfall",
        "tm:waterpledge",
        "tm:waterpulse",
        "tm:whirlpool",
        "tm:xscissor"
      ],
      "labels": [
        "gen8",
        "hisui_regional"
      ],
      "aspects": [
        "hisuian"
      ],
      "height": 15,
      "weight": 582,
      "preEvolution": "dewott region_bias=hisui",
      "baseScale": 0.75,
      "hitbox": {
        "width": 1.6,
        "height": 2.2,
        "fixed": false
      },
      "cannotDynamax": false,
      "battleOnly": false,
      "drops": {
        "amount": 2,
        "entries": [
          {
            "item": "cobblemon:mystic_water",
            "percentage": 25.0
          },
          {
            "item": "cobblemon:shell_bell",
            "percentage": 25.0
          }
        ]
      }
    }
  ],
  "baseExperienceYield": 238,
  "experienceGroup": "medium_slow",
  "eggCycles": 20,
  "eggGroups": [
    "field"
  ],
  "behaviour": {
    "resting": {
      "canSleep": true,
      "willSleepOnBed": false,
      "depth": "normal",
      "light": "0-4"
    },
    "moving": {
      "swim": {
        "canSwimInWater": true,
        "canBreatheUnderwater": true
      }
    }
  },
  "moves": [
    "1:megahorn",
    "1:slash",
    "1:soak",
    "1:tackle",
    "1:tailwhip",
    "1:watergun",
    "1:watersport",
    "13:focusenergy",
    "18:razorshell",
    "21:furycutter",
    "25:waterpulse",
    "29:aerialace",
    "29:revenge",
    "34:aquajet",
    "39:encore",
    "46:aquatail",
    "51:retaliate",
    "58:swordsdance",
    "63:hydropump",
    "tm:aerialace",
    "tm:airslash",
    "tm:attract",
    "tm:avalanche",
    "tm:blizzard",
    "tm:bodyslam",
    "tm:brickbreak",
    "tm:bulldoze",
    "tm:chillingwater",
    "tm:confide",
    "tm:cut",
    "tm:dig",
    "tm:dive",
    "tm:doubleteam",
    "tm:dragontail",
    "tm:drillrun",
    "tm:encore",
    "tm:endure",
    "tm:facade",
    "tm:falseswipe",
    "tm:fling",
    "tm:flipturn",
    "tm:frustration",
    "tm:gigaimpact",
    "tm:grassknot",
    "tm:hail",
    "tm:helpinghand",
    "tm:hiddenpower",
    "tm:hydrocannon",
    "tm:hydropump",
    "tm:hyperbeam",
    "tm:icebeam",
    "tm:icywind",
    "tm:knockoff",
    "tm:liquidation",
    "tm:protect",
    "tm:raindance",
    "tm:rest",
    "tm:retaliate",
    "tm:return",
    "tm:rocksmash",
    "tm:round",
    "tm:scald",
    "tm:scaryface",
    "tm:secretpower",
    "tm:sleeptalk",
    "tm:smartstrike",
    "tm:snowscape",
    "tm:strength",
    "tm:substitute",
    "tm:surf",
    "tm:swagger",
    "tm:swift",
    "tm:swordsdance",
    "tm:takedown",
    "tm:taunt",
    "tm:terablast",
    "tm:thief",
    "tm:toxic",
    "tm:upperhand",
    "tm:vacuumwave",
    "tm:waterfall",
    "tm:waterpledge",
    "tm:waterpulse",
    "tm:whirlpool",
    "tm:workup",
    "tm:xscissor",
    "tutor:aquatail",
    "tutor:block",
    "tutor:confide",
    "tutor:covet",
    "tutor:helpinghand",
    "tutor:holdback",
    "tutor:hydrocannon",
    "tutor:hydropump",
    "tutor:icebeam",
    "tutor:icywind",
    "tutor:irontail",
    "tutor:knockoff",
    "tutor:liquidation",
    "tutor:megahorn",
    "tutor:razorshell",
    "tutor:sleeptalk",
    "tutor:snore",
    "tutor:superpower",
    "tutor:waterpledge",
    "tutor:waterpulse"
  ],
  "labels": [
    "gen5",
    "unova_regional"
  ],
  "pokedex": [
    "cobblemon.species.samurott.desc"
  ],
  "preEvolution": "dewott",
  "evolutions": [],
  "baseScale": 0.8,
  "hitbox": {
    "width": 1.6,
    "height": 2.2,
    "fixed": false
  },
  "baseFriendship": 70,
  "evYield": {
    "hp": 0,
    "attack": 0,
    "defence": 0,
    "special_attack": 3,
    "special_defence": 0,
    "speed": 0
  },
  "height": 15,
  "weight": 946,
  "aspects": [],
  "cannotDynamax": false
}
