{
  "implemented": true,
  "name": "Serperior",
  "nationalPokedexNumber": 497,
  "primaryType": "grass",
  "abilities": [
    "overgrow",
    "h:contrary"
  ],
  "baseStats": {
    "hp": 75,
    "attack": 75,
    "defence": 95,
    "special_attack": 75,
    "special_defence": 95,
    "speed": 113
  },
  "catchRate": 45,
  "maleRatio": 0.875,
  "shoulderMountable": false,
  "baseExperienceYield": 238,
  "experienceGroup": "medium_slow",
  "eggCycles": 20,
  "eggGroups": [
    "field",
    "grass"
  ],
  "drops": {
    "amount": 1,
    "entries": [
      {
        "item": "cobblemon:miracle_seed",
        "percentage": 25.0
      }
    ]
  },
  "behaviour": {
    "resting": {
      "canSleep": true,
      "willSleepOnBed": false,
      "depth": "normal",
      "light": "0-4"
    }
  },
  "moves": [
    "1:leer",
    "1:tackle",
    "1:vinewhip",
    "1:wrap",
    "13:growth",
    "16:leaftornado",
    "16:magicalleaf",
    "20:leechseed",
    "24:megadrain",
    "28:slam",
    "32:leafblade",
    "38:coil",
    "44:gigadrain",
    "50:wringout",
    "50:gastroacid",
    "56:leafstorm",
    "60:grasspledge",
    "tm:aerialace",
    "tm:attract",
    "tm:bodyslam",
    "tm:breakingswipe",
    "tm:brutalswing",
    "tm:bulletseed",
    "tm:calmmind",
    "tm:confide",
    "tm:cut",
    "tm:doubleedge",
    "tm:doubleteam",
    "tm:dragonpulse",
    "tm:dragontail",
    "tm:endure",
    "tm:energyball",
    "tm:facade",
    "tm:flash",
    "tm:frenzyplant",
    "tm:frustration",
    "tm:gigadrain",
    "tm:gigaimpact",
    "tm:grassknot",
    "tm:grasspledge",
    "tm:grassyglide",
    "tm:grassyterrain",
    "tm:helpinghand",
    "tm:hiddenpower",
    "tm:hyperbeam",
    "tm:knockoff",
    "tm:leafstorm",
    "tm:lightscreen",
    "tm:magicalleaf",
    "tm:naturepower",
    "tm:outrage",
    "tm:petalblizzard",
    "tm:protect",
    "tm:reflect",
    "tm:rest",
    "tm:return",
    "tm:rocksmash",
    "tm:round",
    "tm:safeguard",
    "tm:scaleshot",
    "tm:scaryface",
    "tm:secretpower",
    "tm:seedbomb",
    "tm:sleeptalk",
    "tm:solarbeam",
    "tm:strength",
    "tm:substitute",
    "tm:sunnyday",
    "tm:swagger",
    "tm:swift",
    "tm:swordsdance",
    "tm:takedown",
    "tm:taunt",
    "tm:terablast",
    "tm:torment",
    "tm:toxic",
    "tm:trailblaze",
    "tm:workup",
    "tutor:aquatail",
    "tutor:bind",
    "tutor:defog",
    "tutor:dragonpulse",
    "tutor:frenzyplant",
    "tutor:gastroacid",
    "tutor:gigadrain",
    "tutor:grasspledge",
    "tutor:holdback",
    "tutor:irontail",
    "tutor:knockoff",
    "tutor:leafstorm",
    "tutor:leechseed",
    "tutor:outrage",
    "tutor:seedbomb",
    "tutor:sleeptalk",
    "tutor:snatch",
    "tutor:snore",
    "tutor:substitute",
    "tutor:synthesis",
    "tutor:worryseed",
    "tutor:wringout"
  ],
  "labels": [
    "gen5"
  ],
  "pokedex": [
    "cobblemon.species.serperior.desc"
  ],
  "preEvolution": "servine",
  "evolutions": [],
  "baseScale": 1.15,
  "hitbox": {
    "width": 1.4,
    "height": 1.85,
    "fixed": false
  },
  "baseFriendship": 70,
  "evYield": {
    "hp": 0,
    "attack": 0,
    "defence": 0,
    "special_attack": 0,
    "special_defence": 0,
    "speed": 3
  },
  "height": 33,
  "weight": 630,
  "aspects": [],
  "cannotDynamax": false
}
