{
  "implemented": true,
  "name": "Delphox",
  "nationalPokedexNumber": 655,
  "primaryType": "fire",
  "secondaryType": "psychic",
  "abilities": [
    "blaze",
    "h:magician"
  ],
  "baseStats": {
    "hp": 75,
    "attack": 69,
    "defence": 72,
    "special_attack": 114,
    "special_defence": 100,
    "speed": 104
  },
  "catchRate": 45,
  "maleRatio": 0.875,
  "shoulderMountable": false,
  "baseExperienceYield": 240,
  "experienceGroup": "medium_slow",
  "eggCycles": 20,
  "eggGroups": [
    "field"
  ],
  "behaviour": {
    "moving": {
      "walk": {
        "walkSpeed": 0.4
      }
    }
  },
  "drops": {
    "amount": 5,
    "entries": [
      {
        "item": "minecraft:stick"
      },
      {
        "item": "minecraft:blaze_powder",
        "quantityRange": "0-3"
      },
      {
        "item": "cobblemon:charcoal_stick",
        "percentage": 25.0
      }
    ]
  },
  "moves": [
    "1:ember",
    "1:futuresight",
    "1:howl",
    "1:mysticalfire",
    "1:roleplay",
    "1:scratch",
    "1:shadowball",
    "1:switcheroo",
    "1:tailwhip",
    "14:flamecharge",
    "18:psybeam",
    "22:firespin",
    "28:lightscreen",
    "28:luckychant",
    "38:psyshock",
    "45:flamethrower",
    "51:willowisp",
    "57:psychic",
    "60:psychicnoise",
    "62:sunnyday",
    "68:magicroom",
    "74:fireblast",
    "tm:agility",
    "tm:attract",
    "tm:blastburn",
    "tm:burningjealousy",
    "tm:calmmind",
    "tm:charm",
    "tm:confide",
    "tm:confuseray",
    "tm:cut",
    "tm:dazzlinggleam",
    "tm:doubleteam",
    "tm:dreameater",
    "tm:echoedvoice",
    "tm:embargo",
    "tm:encore",
    "tm:endure",
    "tm:expandingforce",
    "tm:facade",
    "tm:fireblast",
    "tm:firepledge",
    "tm:firepunch",
    "tm:firespin",
    "tm:flamecharge",
    "tm:flamethrower",
    "tm:flareblitz",
    "tm:focusblast",
    "tm:foulplay",
    "tm:frustration",
    "tm:futuresight",
    "tm:gigaimpact",
    "tm:grassknot",
    "tm:heatwave",
    "tm:helpinghand",
    "tm:hex",
    "tm:hiddenpower",
    "tm:hyperbeam",
    "tm:hypervoice",
    "tm:imprison",
    "tm:incinerate",
    "tm:lightscreen",
    "tm:lowkick",
    "tm:metronome",
    "tm:mudshot",
    "tm:mudslap",
    "tm:nastyplot",
    "tm:nightshade",
    "tm:overheat",
    "tm:poweruppunch",
    "tm:protect",
    "tm:psybeam",
    "tm:psychic",
    "tm:psychicnoise",
    "tm:psychicterrain",
    "tm:psychup",
    "tm:psyshock",
    "tm:raindance",
    "tm:reflect",
    "tm:rest",
    "tm:return",
    "tm:round",
    "tm:safeguard",
    "tm:scorchingsands",
    "tm:secretpower",
    "tm:shadowball",
    "tm:skillswap",
    "tm:sleeptalk",
    "tm:solarbeam",
    "tm:storedpower",
    "tm:substitute",
    "tm:sunnyday",
    "tm:swagger",
    "tm:swift",
    "tm:takedown",
    "tm:terablast",
    "tm:thief",
    "tm:thunderpunch",
    "tm:toxic",
    "tm:trick",
    "tm:trickroom",
    "tm:willowisp",
    "tm:workup",
    "tm:zenheadbutt",
    "tutor:allyswitch",
    "tutor:blastburn",
    "tutor:covet",
    "tutor:firepledge",
    "tutor:firepunch",
    "tutor:foulplay",
    "tutor:heatwave",
    "tutor:irontail",
    "tutor:laserfocus",
    "tutor:lowkick",
    "tutor:magiccoat",
    "tutor:magicroom",
    "tutor:recycle",
    "tutor:roleplay",
    "tutor:shockwave",
    "tutor:signalbeam",
    "tutor:skillswap",
    "tutor:snatch",
    "tutor:snore",
    "tutor:telekinesis",
    "tutor:thunderpunch",
    "tutor:trick",
    "tutor:wonderroom",
    "tutor:zenheadbutt"
  ],
  "labels": [
    "gen6"
  ],
  "pokedex": [
    "cobblemon.species.delphox.desc"
  ],
  "preEvolution": "braixen",
  "evolutions": [],
  "baseScale": 0.8,
  "hitbox": {
    "width": 1,
    "height": 3,
    "fixed": false
  },
  "baseFriendship": 70,
  "evYield": {
    "hp": 0,
    "attack": 0,
    "defence": 0,
    "special_attack": 3,
    "special_defence": 0,
    "speed": 0
  },
  "height": 15,
  "weight": 390,
  "aspects": [],
  "cannotDynamax": false
}
