{
  "implemented": true,
  "name": "Diggersby",
  "nationalPokedexNumber": 660,
  "primaryType": "normal",
  "secondaryType": "ground",
  "abilities": [
    "pickup",
    "cheekpouch",
    "h:hugepower"
  ],
  "drops": {
    "amount": 6,
    "entries": [
      {
        "item": "minecraft:rabbit"
      },
      {
        "item": "minecraft:rabbit_hide",
        "quantityRange": "0-2"
      },
      {
        "item": "minecraft:rabbit_foot",
        "percentage": 5.0
      },
      {
        "item": "minecraft:carrot",
        "percentage": 5.0
      },
      {
        "item": "cobblemon:chilan_berry",
        "percentage": 5.0
      }
    ]
  },
  "baseStats": {
    "hp": 85,
    "attack": 56,
    "defence": 77,
    "special_attack": 50,
    "special_defence": 77,
    "speed": 78
  },
  "catchRate": 127,
  "maleRatio": 0.5,
  "shoulderMountable": false,
  "baseExperienceYield": 148,
  "experienceGroup": "medium_fast",
  "eggCycles": 15,
  "eggGroups": [
    "field"
  ],
  "behaviour": {
    "moving": {
      "walk": {
        "walkSpeed": 0.2
      }
    },
    "resting": {
      "canSleep": true,
      "willSleepOnBed": false,
      "depth": "normal",
      "light": "0-4"
    }
  },
  "moves": [
    "1:agility",
    "1:laserfocus",
    "1:leer",
    "1:mudslap",
    "1:rototiller",
    "1:tackle",
    "9:quickattack",
    "12:mudshot",
    "13:doubleslap",
    "15:flail",
    "18:doublekick",
    "23:bulldoze",
    "27:odorsleuth",
    "28:dig",
    "33:bounce",
    "38:takedown",
    "43:swordsdance",
    "48:earthquake",
    "53:superfang",
    "54:facade",
    "58:hammerarm",
    "60:scorchingsands",
    "tm:agility",
    "tm:attract",
    "tm:bodyslam",
    "tm:bounce",
    "tm:brickbreak",
    "tm:brutalswing",
    "tm:bulkup",
    "tm:bulldoze",
    "tm:confide",
    "tm:cut",
    "tm:dig",
    "tm:doubleteam",
    "tm:earthpower",
    "tm:earthquake",
    "tm:endure",
    "tm:facade",
    "tm:firepunch",
    "tm:fling",
    "tm:foulplay",
    "tm:frustration",
    "tm:gigaimpact",
    "tm:grassknot",
    "tm:gunkshot",
    "tm:hiddenpower",
    "tm:highhorsepower",
    "tm:hyperbeam",
    "tm:icepunch",
    "tm:ironhead",
    "tm:irontail",
    "tm:lowkick",
    "tm:megakick",
    "tm:megapunch",
    "tm:mudshot",
    "tm:naturepower",
    "tm:payback",
    "tm:poweruppunch",
    "tm:protect",
    "tm:rest",
    "tm:return",
    "tm:rockslide",
    "tm:rocksmash",
    "tm:rocktomb",
    "tm:round",
    "tm:sandstorm",
    "tm:sandtomb",
    "tm:secretpower",
    "tm:sleeptalk",
    "tm:sludgebomb",
    "tm:smackdown",
    "tm:snore",
    "tm:spikes",
    "tm:stompingtantrum",
    "tm:stoneedge",
    "tm:strength",
    "tm:substitute",
    "tm:superpower",
    "tm:surf",
    "tm:swagger",
    "tm:swordsdance",
    "tm:thief",
    "tm:thunderpunch",
    "tm:torment",
    "tm:toxic",
    "tm:uproar",
    "tm:uturn",
    "tm:wildcharge",
    "tm:workup",
    "tutor:bounce",
    "tutor:earthpower",
    "tutor:endeavor",
    "tutor:firepunch",
    "tutor:focuspunch",
    "tutor:foulplay",
    "tutor:gastroacid",
    "tutor:gunkshot",
    "tutor:icepunch",
    "tutor:ironhead",
    "tutor:irontail",
    "tutor:knockoff",
    "tutor:lastresort",
    "tutor:lowkick",
    "tutor:recycle",
    "tutor:scorchingsands",
    "tutor:snatch",
    "tutor:snore",
    "tutor:stompingtantrum",
    "tutor:superfang",
    "tutor:superpower",
    "tutor:thunderpunch",
    "tutor:uproar"
  ],
  "labels": [
    "gen6"
  ],
  "pokedex": [
    "cobblemon.species.diggersby.desc"
  ],
  "preEvolution": "bunnelby",
  "evolutions": [],
  "baseScale": 0.8,
  "hitbox": {
    "width": 1.25,
    "height": 2.2,
    "fixed": false
  },
  "baseFriendship": 50,
  "evYield": {
    "hp": 2,
    "attack": 0,
    "defence": 0,
    "special_attack": 0,
    "special_defence": 0,
    "speed": 0
  },
  "height": 10,
  "weight": 424,
  "aspects": [],
  "cannotDynamax": false
}
