{
  "implemented": true,
  "name": "Dachsbun",
  "nationalPokedexNumber": 927,
  "primaryType": "fairy",
  "abilities": [
    "wellbakedbody",
    "h:aromaveil"
  ],
  "drops": {
    "amount": 3,
    "entries": [
      {
        "item": "minecraft:bread",
        "quantityRange": "0-2"
      },
      {
        "item": "cobblemon:nanab_berry",
        "percentage": 5.0
      }
    ]
  },
  "baseStats": {
    "hp": 57,
    "attack": 80,
    "defence": 115,
    "special_attack": 50,
    "special_defence": 80,
    "speed": 95
  },
  "catchRate": 90,
  "maleRatio": 0.5,
  "baseExperienceYield": 167,
  "baseFriendship": 50,
  "evYield": {
    "hp": 0,
    "attack": 0,
    "defence": 0,
    "special_attack": 0,
    "special_defence": 0,
    "speed": 2
  },
  "experienceGroup": "medium_slow",
  "eggCycles": 20,
  "eggGroups": [
    "field",
    "mineral"
  ],
  "moves": [
    "1:growl",
    "1:tackle",
    "3:lick",
    "6:tailwhip",
    "8:covet",
    "11:bite",
    "15:babydolleyes",
    "18:playrough",
    "22:workup",
    "29:batonpass",
    "33:roar",
    "38:doubleedge",
    "42:charm",
    "47:crunch",
    "53:lastresort",
    "60:alluringvoice",
    "tm:agility",
    "tm:alluringvoice",
    "tm:batonpass",
    "tm:bodypress",
    "tm:bodyslam",
    "tm:charm",
    "tm:crunch",
    "tm:dazzlinggleam",
    "tm:dig",
    "tm:doubleedge",
    "tm:drainingkiss",
    "tm:endeavor",
    "tm:endure",
    "tm:facade",
    "tm:firefang",
    "tm:gigaimpact",
    "tm:helpinghand",
    "tm:hyperbeam",
    "tm:icefang",
    "tm:mistyterrain",
    "tm:mudshot",
    "tm:mudslap",
    "tm:playrough",
    "tm:protect",
    "tm:psychicfangs",
    "tm:psychup",
    "tm:raindance",
    "tm:rest",
    "tm:roar",
    "tm:scaryface",
    "tm:sleeptalk",
    "tm:snarl",
    "tm:stompingtantrum",
    "tm:substitute",
    "tm:sunnyday",
    "tm:takedown",
    "tm:terablast",
    "tm:thunderfang",
    "tm:trailblaze"
  ],
  "behaviour": {
    "moving": {
      "walk": {
        "walkSpeed": 0.3
      }
    },
    "resting": {
      "canSleep": true,
      "willSleepOnBed": true,
      "depth": "normal",
      "light": "0-4"
    }
  },
  "baseScale": 0.6,
  "hitbox": {
    "width": 1.3,
    "height": 1.1,
    "fixed": false
  },
  "labels": [
    "gen9"
  ],
  "aspects": [],
  "height": 5,
  "weight": 149,
  "preEvolution": "fidough",
  "evolutions": [],
  "cannotDynamax": false,
  "pokedex": [
    "cobblemon.species.dachsbun.desc"
  ]
}
