{
  "implemented": true,
  "name": "Quaquaval",
  "nationalPokedexNumber": 914,
  "primaryType": "water",
  "secondaryType": "fighting",
  "abilities": [
    "torrent",
    "h:moxie"
  ],
  "drops": {
    "amount": 1,
    "entries": [
      {
        "item": "cobblemon:mystic_water",
        "percentage": 25.0
      }
    ]
  },
  "baseStats": {
    "hp": 85,
    "attack": 120,
    "defence": 80,
    "special_attack": 85,
    "special_defence": 75,
    "speed": 85
  },
  "catchRate": 45,
  "maleRatio": 0.875,
  "baseExperienceYield": 265,
  "baseFriendship": 50,
  "evYield": {
    "hp": 0,
    "attack": 3,
    "defence": 0,
    "special_attack": 0,
    "special_defence": 0,
    "speed": 0
  },
  "experienceGroup": "medium_slow",
  "eggCycles": 20,
  "eggGroups": [
    "flying",
    "water_1"
  ],
  "behaviour": {
    "moving": {
      "swim": {
        "canSwimInWater": true,
        "canBreatheUnderwater": true,
        "canWalkOnWater": true
      },
      "walk": {
        "walkSpeed": 0.25
      }
    }
  },
  "moves": [
    "1:counter",
    "1:doublehit",
    "1:growl",
    "1:pound",
    "1:watergun",
    "1:aquastep",
    "7:workup",
    "10:wingattack",
    "13:aquajet",
    "17:lowsweep",
    "17:waterpulse",
    "21:aquacutter",
    "27:airslash",
    "32:focusenergy",
    "38:megakick",
    "43:acrobatics",
    "47:liquidation",
    "52:featherdance",
    "58:closecombat",
    "60:chillingwater",
    "60:upperhand",
    "64:wavecrash",
    "tm:acrobatics",
    "tm:aerialace",
    "tm:agility",
    "tm:aircutter",
    "tm:airslash",
    "tm:batonpass",
    "tm:bravebird",
    "tm:brickbreak",
    "tm:bulkup",
    "tm:chillingwater",
    "tm:closecombat",
    "tm:coaching",
    "tm:disarmingvoice",
    "tm:encore",
    "tm:endeavor",
    "tm:endure",
    "tm:facade",
    "tm:featherdance",
    "tm:fling",
    "tm:flipturn",
    "tm:gigaimpact",
    "tm:helpinghand",
    "tm:hurricane",
    "tm:hydrocannon",
    "tm:hydropump",
    "tm:hyperbeam",
    "tm:icespinner",
    "tm:icywind",
    "tm:knockoff",
    "tm:liquidation",
    "tm:lowkick",
    "tm:lowsweep",
    "tm:mistyterrain",
    "tm:protect",
    "tm:psychup",
    "tm:raindance",
    "tm:rest",
    "tm:reversal",
    "tm:sleeptalk",
    "tm:substitute",
    "tm:surf",
    "tm:swift",
    "tm:swordsdance",
    "tm:takedown",
    "tm:taunt",
    "tm:terablast",
    "tm:tripleaxel",
    "tm:upperhand",
    "tm:uturn",
    "tm:waterpledge",
    "tm:waterpulse",
    "tm:whirlpool"
  ],
  "labels": [
    "gen9"
  ],
  "aspects": [],
  "height": 18,
  "weight": 619,
  "preEvolution": "quaxwell",
  "evolutions": [],
  "baseScale": 0.6,
  "hitbox": {
    "width": 1.0,
    "height": 3.2,
    "fixed": false
  },
  "cannotDynamax": false,
  "pokedex": [
    "cobblemon.species.quaquaval.desc"
  ]
}
