{
  "implemented": true,
  "name": "Skeledirge",
  "nationalPokedexNumber": 911,
  "primaryType": "fire",
  "secondaryType": "ghost",
  "abilities": [
    "blaze",
    "h:unaware"
  ],
  "drops": {
    "amount": 1,
    "entries": [
      {
        "item": "cobblemon:charcoal_stick",
        "percentage": 25.0
      }
    ]
  },
  "baseStats": {
    "hp": 104,
    "attack": 75,
    "defence": 100,
    "special_attack": 110,
    "special_defence": 75,
    "speed": 66
  },
  "catchRate": 45,
  "maleRatio": 0.875,
  "baseExperienceYield": 265,
  "baseFriendship": 50,
  "evYield": {
    "hp": 0,
    "attack": 0,
    "defence": 0,
    "special_attack": 3,
    "special_defence": 0,
    "speed": 0
  },
  "experienceGroup": "medium_slow",
  "eggCycles": 20,
  "eggGroups": [
    "field"
  ],
  "behaviour": {
    "resting": {
      "canSleep": true,
      "willSleepOnBed": false,
      "depth": "normal",
      "light": "0-4"
    }
  },
  "moves": [
    "1:ember",
    "1:leer",
    "1:sing",
    "1:tackle",
    "1:torchsong",
    "1:yawn",
    "7:lick",
    "10:round",
    "12:scaryface",
    "15:bite",
    "17:incinerate",
    "24:snarl",
    "28:roar",
    "32:flamethrower",
    "38:shadowball",
    "42:hypervoice",
    "47:hex",
    "47:willowisp",
    "58:fireblast",
    "60:temperflare",
    "64:overheat",
    "tm:alluringvoice",
    "tm:blastburn",
    "tm:bodyslam",
    "tm:crunch",
    "tm:curse",
    "tm:dig",
    "tm:disarmingvoice",
    "tm:earthpower",
    "tm:earthquake",
    "tm:encore",
    "tm:endure",
    "tm:facade",
    "tm:fireblast",
    "tm:firefang",
    "tm:firepledge",
    "tm:firespin",
    "tm:flamecharge",
    "tm:flamethrower",
    "tm:flareblitz",
    "tm:gigaimpact",
    "tm:heatcrash",
    "tm:heatwave",
    "tm:helpinghand",
    "tm:hex",
    "tm:hyperbeam",
    "tm:hypervoice",
    "tm:imprison",
    "tm:mudslap",
    "tm:nightshade",
    "tm:outrage",
    "tm:overheat",
    "tm:poltergeist",
    "tm:protect",
    "tm:rest",
    "tm:roar",
    "tm:scaryface",
    "tm:scorchingsands",
    "tm:seedbomb",
    "tm:shadowball",
    "tm:shadowclaw",
    "tm:sleeptalk",
    "tm:snarl",
    "tm:solarbeam",
    "tm:stompingtantrum",
    "tm:substitute",
    "tm:sunnyday",
    "tm:takedown",
    "tm:temperflare",
    "tm:terablast",
    "tm:thunderfang",
    "tm:willowisp",
    "tm:zenheadbutt"
  ],
  "labels": [
    "gen9"
  ],
  "aspects": [],
  "height": 16,
  "weight": 3265,
  "preEvolution": "crocalor",
  "evolutions": [],
  "baseScale": 0.75,
  "hitbox": {
    "width": 2.4,
    "height": 1.8,
    "fixed": false
  },
  "cannotDynamax": false,
  "pokedex": [
    "cobblemon.species.skeledirge.desc"
  ]
}
