{
    "music_disc.bdspbattlegymleader": {
        "sounds": [
            {
                "name": "records/bdspbattlegymleader",
                "stream": true
            }
        ]
    },
    "music_disc.bdspgym": {
        "sounds": [
            {
                "name": "records/bdspgym",
                "stream": true
            }
        ]
    },
    "music_disc.bdspobtainedgymbadge": {
        "sounds": [
            {
                "name": "records/bdspobtainedgymbadge",
                "stream": true
            }
        ]
    }
}