{
    "music_disc.bdspbattlegymleader": {
        "sounds": [
            {
                "name": "records/bdspbattlegymleader",
                "stream": true
            }
        ]
    },
    "music_disc.bdspchampionbattle": {
        "sounds": [
            {
                "name": "records/bdspchampionbattle",
                "stream": true
            }
        ]
    },
    "music_disc.bdspcynthia": {
        "sounds": [
            {
                "name": "records/bdspcynthia",
                "stream": true
            }
        ]
    },
    "music_disc.bdspgym": {
        "sounds": [
            {
                "name": "records/bdspgym",
                "stream": true
            }
        ]
    },
    "music_disc.bdspobtainedgymbadge": {
        "sounds": [
            {
                "name": "records/bdspobtainedgymbadge",
                "stream": true
            }
        ]
    },
    "music_disc.bdsppokmonleague": {
        "sounds": [
            {
                "name": "records/bdsppokmonleague",
                "stream": true
            }
        ]
    },
    "music_disc.smaetherpresidentlusamine": {
        "sounds": [
            {
                "name": "records/smaetherpresidentlusamine",
                "stream": true
            }
        ]
    }
}