{
  "implemented": true,
  "name": "Alcremie",
  "nationalPokedexNumber": 869,
  "primaryType": "fairy",
  "abilities": [
    "sweetveil",
    "h:aromaveil"
  ],
  "baseStats": {
    "hp": 65,
    "attack": 60,
    "defence": 75,
    "special_attack": 110,
    "special_defence": 121,
    "speed": 64
  },
  "catchRate": 100,
  "maleRatio": 0,
  "shoulderMountable": true,
  "forms": [
    {
      "name": "Gmax",
      "primaryType": "fairy",
      "abilities": [
        "sweetveil",
        "h:aromaveil"
      ],
      "baseStats": {
        "hp": 65,
        "attack": 60,
        "defence": 75,
        "special_attack": 110,
        "special_defence": 121,
        "speed": 64
      },
      "catchRate": 100,
      "maleRatio": 0,
      "baseExperienceYield": 173,
      "baseFriendship": 50,
      "evYield": {
        "hp": 0,
        "attack": 0,
        "defence": 0,
        "special_attack": 0,
        "special_defence": 2,
        "speed": 0
      },
      "experienceGroup": "medium_fast",
      "eggCycles": 20,
      "eggGroups": [
        "fairy",
        "amorphous"
      ],
      "labels": [
        "gen8",
        "gmax"
      ],
      "aspects": [
        "gmax"
      ],
      "height": 300,
      "weight": 0,
      "cannotDynamax": false,
      "battleOnly": false
    }
  ],
  "baseExperienceYield": 173,
  "experienceGroup": "medium_fast",
  "eggCycles": 20,
  "eggGroups": [
    "fairy",
    "amorphous"
  ],
  "behaviour": {
    "resting": {
      "canSleep": true,
      "willSleepOnBed": false,
      "depth": "normal",
      "light": "0-4"
    }
  },
  "drops": {
    "amount": 3,
    "entries": [
      {
        "item": "minecraft:sugar",
        "quantityRange": "0-2"
      },
      {
        "item": "minecraft:cake",
        "percentage": 5.0
      }
    ]
  },
  "moves": [
    "1:aromaticmist",
    "1:sweetkiss",
    "1:sweetscent",
    "1:tackle",
    "15:drainingkiss",
    "20:aromatherapy",
    "20:charm",
    "25:attract",
    "30:acidarmor",
    "35:dazzlinggleam",
    "40:recover",
    "45:mistyterrain",
    "50:entrainment",
    "60:mistyexplosion",
    "tm:alluringvoice",
    "tm:attract",
    "tm:calmmind",
    "tm:charm",
    "tm:dazzlinggleam",
    "tm:disarmingvoice",
    "tm:drainingkiss",
    "tm:drainpunch",
    "tm:encore",
    "tm:endeavor",
    "tm:endure",
    "tm:energyball",
    "tm:facade",
    "tm:faketears",
    "tm:fling",
    "tm:gigadrain",
    "tm:gigaimpact",
    "tm:helpinghand",
    "tm:hyperbeam",
    "tm:imprison",
    "tm:lightscreen",
    "tm:magicalleaf",
    "tm:magicroom",
    "tm:metronome",
    "tm:mistyexplosion",
    "tm:mistyterrain",
    "tm:mysticalfire",
    "tm:painsplit",
    "tm:playrough",
    "tm:protect",
    "tm:psychic",
    "tm:psychup",
    "tm:psyshock",
    "tm:rest",
    "tm:round",
    "tm:safeguard",
    "tm:sleeptalk",
    "tm:snore",
    "tm:solarbeam",
    "tm:storedpower",
    "tm:substitute",
    "tm:terablast",
    "tm:triattack",
    "tm:wonderroom",
    "tutor:mistyexplosion"
  ],
  "labels": [
    "gen8"
  ],
  "pokedex": [
    "cobblemon.species.alcremie.desc"
  ],
  "preEvolution": "milcery",
  "evolutions": [],
  "baseScale": 0.5,
  "hitbox": {
    "width": 1.2,
    "height": 1.7,
    "fixed": false
  },
  "baseFriendship": 50,
  "evYield": {
    "hp": 0,
    "attack": 0,
    "defence": 0,
    "special_attack": 0,
    "special_defence": 2,
    "speed": 0
  },
  "height": 3,
  "weight": 5,
  "aspects": [],
  "cannotDynamax": false
}
