{
  "implemented": true,
  "name": "Kleavor",
  "nationalPokedexNumber": 900,
  "primaryType": "bug",
  "secondaryType": "rock",
  "abilities": [
    "swarm",
    "sheerforce",
    "h:sharpness"
  ],
  "baseStats": {
    "hp": 70,
    "attack": 130,
    "defence": 95,
    "special_attack": 45,
    "special_defence": 75,
    "speed": 85
  },
  "catchRate": 115,
  "maleRatio": 0.5,
  "shoulderMountable": false,
  "baseExperienceYield": 175,
  "experienceGroup": "medium_fast",
  "eggCycles": 0,
  "eggGroups": [
    "bug"
  ],
  "drops": {
    "amount": 3,
    "entries": [
      {
        "item": "minecraft:stone_axe",
        "quantityRange": "0-2"
      },
      {
        "item": "cobblemon:wepear_berry",
        "percentage": 5.0
      }
    ]
  },
  "moves": [
    "1:leer",
    "1:quickattack",
    "4:furycutter",
    "8:falseswipe",
    "12:smackdown",
    "16:doubleteam",
    "20:doublehit",
    "24:slash",
    "28:focusenergy",
    "32:agility",
    "36:rockslide",
    "40:xscissor",
    "44:swordsdance",
    "60:pounce",
    "tm:acrobatics",
    "tm:aerialace",
    "tm:agility",
    "tm:aircutter",
    "tm:airslash",
    "tm:batonpass",
    "tm:brickbreak",
    "tm:bugbite",
    "tm:bugbuzz",
    "tm:closecombat",
    "tm:doubleedge",
    "tm:dualwingbeat",
    "tm:endure",
    "tm:facade",
    "tm:falseswipe",
    "tm:gigaimpact",
    "tm:helpinghand",
    "tm:hyperbeam",
    "tm:lightscreen",
    "tm:lunge",
    "tm:pounce",
    "tm:protect",
    "tm:raindance",
    "tm:rest",
    "tm:reversal",
    "tm:rockblast",
    "tm:rockslide",
    "tm:rocktomb",
    "tm:sandstorm",
    "tm:scaryface",
    "tm:skittersmack",
    "tm:sleeptalk",
    "tm:smackdown",
    "tm:stealthrock",
    "tm:stoneedge",
    "tm:strugglebug",
    "tm:substitute",
    "tm:sunnyday",
    "tm:swift",
    "tm:swordsdance",
    "tm:tailwind",
    "tm:takedown",
    "tm:terablast",
    "tm:thief",
    "tm:trailblaze",
    "tm:uturn",
    "tm:vacuumwave",
    "tm:xscissor"
  ],
  "labels": [
    "gen8"
  ],
  "pokedex": [
    "cobblemon.species.kleavor.desc"
  ],
  "preEvolution": "scyther",
  "evolutions": [],
  "baseScale": 0.8,
  "hitbox": {
    "width": 1.2,
    "height": 2,
    "fixed": false
  },
  "baseFriendship": 0,
  "evYield": {
    "hp": 0,
    "attack": 2,
    "defence": 0,
    "special_attack": 0,
    "special_defence": 0,
    "speed": 0
  },
  "height": 18,
  "weight": 890,
  "aspects": [],
  "cannotDynamax": false
}
