{
  "implemented": true,
  "name": "Rillaboom",
  "nationalPokedexNumber": 812,
  "primaryType": "grass",
  "abilities": [
    "overgrow",
    "h:grassysurge"
  ],
  "baseStats": {
    "hp": 100,
    "attack": 125,
    "defence": 90,
    "special_attack": 60,
    "special_defence": 70,
    "speed": 85
  },
  "catchRate": 45,
  "maleRatio": 0.875,
  "shoulderMountable": false,
  "forms": [
    {
      "name": "Gmax",
      "primaryType": "grass",
      "abilities": [
        "overgrow",
        "h:grassysurge"
      ],
      "baseStats": {
        "hp": 100,
        "attack": 125,
        "defence": 90,
        "special_attack": 60,
        "special_defence": 70,
        "speed": 85
      },
      "catchRate": 45,
      "maleRatio": 0.875,
      "baseExperienceYield": 265,
      "baseFriendship": 50,
      "evYield": {
        "hp": 0,
        "attack": 3,
        "defence": 0,
        "special_attack": 0,
        "special_defence": 0,
        "speed": 0
      },
      "experienceGroup": "medium_slow",
      "eggCycles": 20,
      "eggGroups": [
        "field",
        "grass"
      ],
      "labels": [
        "gen8",
        "gmax"
      ],
      "aspects": [
        "gmax"
      ],
      "height": 30,
      "weight": 0,
      "cannotDynamax": false,
      "battleOnly": false
    }
  ],
  "baseExperienceYield": 265,
  "experienceGroup": "medium_slow",
  "eggCycles": 20,
  "eggGroups": [
    "field",
    "grass"
  ],
  "drops": {
    "amount": 3,
    "entries": [
      {
        "item": "minecraft:stick",
        "quantityRange": "1-2"
      },
      {
        "item": "cobblemon:miracle_seed",
        "percentage": 25.0
      }
    ]
  },
  "moves": [
    "1:branchpoke",
    "1:doublehit",
    "1:grassyterrain",
    "1:growl",
    "1:nobleroar",
    "1:scratch",
    "1:taunt",
    "1:drumbeating",
    "12:razorleaf",
    "19:screech",
    "24:knockoff",
    "30:slam",
    "38:uproar",
    "46:woodhammer",
    "54:endeavor",
    "60:grassyglide",
    "62:boomburst",
    "tm:acrobatics",
    "tm:assurance",
    "tm:attract",
    "tm:bodypress",
    "tm:bodyslam",
    "tm:brickbreak",
    "tm:brutalswing",
    "tm:bulkup",
    "tm:bulldoze",
    "tm:bulletseed",
    "tm:darkestlariat",
    "tm:doubleedge",
    "tm:drainpunch",
    "tm:earthpower",
    "tm:earthquake",
    "tm:endeavor",
    "tm:endure",
    "tm:energyball",
    "tm:facade",
    "tm:falseswipe",
    "tm:fling",
    "tm:focusblast",
    "tm:focusenergy",
    "tm:focuspunch",
    "tm:frenzyplant",
    "tm:gigadrain",
    "tm:gigaimpact",
    "tm:grassknot",
    "tm:grasspledge",
    "tm:grassyglide",
    "tm:grassyterrain",
    "tm:highhorsepower",
    "tm:hyperbeam",
    "tm:hypervoice",
    "tm:knockoff",
    "tm:leafstorm",
    "tm:lowkick",
    "tm:lowsweep",
    "tm:magicalleaf",
    "tm:megakick",
    "tm:megapunch",
    "tm:mudshot",
    "tm:protect",
    "tm:rest",
    "tm:round",
    "tm:scaryface",
    "tm:screech",
    "tm:seedbomb",
    "tm:sleeptalk",
    "tm:snarl",
    "tm:snore",
    "tm:solarbeam",
    "tm:solarblade",
    "tm:stompingtantrum",
    "tm:substitute",
    "tm:sunnyday",
    "tm:superpower",
    "tm:swift",
    "tm:swordsdance",
    "tm:takedown",
    "tm:taunt",
    "tm:terablast",
    "tm:thief",
    "tm:trailblaze",
    "tm:uproar",
    "tm:uturn",
    "tm:workup",
    "tutor:frenzyplant",
    "tutor:grasspledge",
    "tutor:grassyglide"
  ],
  "labels": [
    "gen8"
  ],
  "pokedex": [
    "cobblemon.species.rillaboom.desc"
  ],
  "preEvolution": "thwackey",
  "evolutions": [],
  "baseScale": 0.95,
  "hitbox": {
    "width": 1.6,
    "height": 2.3,
    "fixed": false
  },
  "baseFriendship": 50,
  "evYield": {
    "hp": 0,
    "attack": 3,
    "defence": 0,
    "special_attack": 0,
    "special_defence": 0,
    "speed": 0
  },
  "height": 21,
  "weight": 900,
  "aspects": [],
  "cannotDynamax": false
}
