{
  "implemented": true,
  "name": "Stonjourner",
  "nationalPokedexNumber": 874,
  "primaryType": "rock",
  "abilities": [
    "powerspot"
  ],
  "baseStats": {
    "hp": 100,
    "attack": 125,
    "defence": 135,
    "special_attack": 20,
    "special_defence": 20,
    "speed": 70
  },
  "behaviour": {
    "resting": {
      "canSleep": true,
      "depth": "normal",
      "light": "0-4"
    },
    "moving": {
      "walk": {
        "walkSpeed": 0.2
      }
    }
  },
  "catchRate": 60,
  "maleRatio": 0.5,
  "shoulderMountable": false,
  "baseExperienceYield": 165,
  "experienceGroup": "slow",
  "eggCycles": 25,
  "eggGroups": [
    "mineral"
  ],
  "moves": [
    "1:block",
    "1:rockthrow",
    "6:rockpolish",
    "12:rocktomb",
    "18:gravity",
    "24:stomp",
    "30:stealthrock",
    "36:rockslide",
    "42:bodyslam",
    "48:wideguard",
    "54:heavyslam",
    "60:stoneedge",
    "60:meteorbeam",
    "66:megakick",
    "egg:ancientpower",
    "egg:curse",
    "tm:assurance",
    "tm:attract",
    "tm:bodypress",
    "tm:bodyslam",
    "tm:brutalswing",
    "tm:bulldoze",
    "tm:curse",
    "tm:earthpower",
    "tm:earthquake",
    "tm:endeavor",
    "tm:endure",
    "tm:facade",
    "tm:gigaimpact",
    "tm:gravity",
    "tm:hardpress",
    "tm:heatcrash",
    "tm:heavyslam",
    "tm:highhorsepower",
    "tm:hyperbeam",
    "tm:imprison",
    "tm:irondefense",
    "tm:lowkick",
    "tm:lowsweep",
    "tm:megakick",
    "tm:meteorbeam",
    "tm:powergem",
    "tm:protect",
    "tm:psychup",
    "tm:rest",
    "tm:rockblast",
    "tm:rockslide",
    "tm:rocktomb",
    "tm:round",
    "tm:safeguard",
    "tm:sandstorm",
    "tm:sandtomb",
    "tm:selfdestruct",
    "tm:sleeptalk",
    "tm:smackdown",
    "tm:snore",
    "tm:stealthrock",
    "tm:stompingtantrum",
    "tm:stoneedge",
    "tm:substitute",
    "tm:sunnyday",
    "tm:superpower",
    "tm:takedown",
    "tm:terablast",
    "tm:wonderroom",
    "tutor:meteorbeam"
  ],
  "labels": [
    "gen8"
  ],
  "pokedex": [
    "cobblemon.species.stonjourner.desc"
  ],
  "evolutions": [],
  "baseScale": 1.25,
  "hitbox": {
    "width": 2.3,
    "height": 3,
    "fixed": false
  },
  "baseFriendship": 50,
  "evYield": {
    "hp": 0,
    "attack": 0,
    "defence": 2,
    "special_attack": 0,
    "special_defence": 0,
    "speed": 0
  },
  "height": 25,
  "weight": 5200,
  "aspects": [],
  "cannotDynamax": false
}
