{
  "implemented": true,
  "name": "Thievul",
  "nationalPokedexNumber": 828,
  "primaryType": "dark",
  "abilities": [
    "runaway",
    "unburden",
    "h:stakeout"
  ],
  "drops": {
    "amount": 6,
    "entries": [
      {
        "item": "minecraft:sweet_berries",
        "quantityRange": "2-4"
      },
      {
        "item": "minecraft:emerald",
        "percentage": 5.0
      },
      {
        "item": "cobblemon:roseli_berry",
        "percentage": 5.0
      }
    ]
  },
  "baseStats": {
    "hp": 70,
    "attack": 58,
    "defence": 58,
    "special_attack": 87,
    "special_defence": 92,
    "speed": 90
  },
  "catchRate": 127,
  "maleRatio": 0.5,
  "shoulderMountable": false,
  "baseExperienceYield": 159,
  "experienceGroup": "fast",
  "eggCycles": 15,
  "eggGroups": [
    "field"
  ],
  "behaviour": {
    "resting": {
      "canSleep": true,
      "willSleepOnBed": false,
      "depth": "normal",
      "light": "0-4"
    }
  },
  "moves": [
    "1:beatup",
    "1:honeclaws",
    "1:quickattack",
    "1:tailwhip",
    "12:snarl",
    "16:assurance",
    "22:nastyplot",
    "28:suckerpunch",
    "34:nightslash",
    "40:tailslap",
    "46:foulplay",
    "52:partingshot",
    "60:lashout",
    "tm:acrobatics",
    "tm:agility",
    "tm:assurance",
    "tm:attract",
    "tm:batonpass",
    "tm:beatup",
    "tm:crunch",
    "tm:darkpulse",
    "tm:dig",
    "tm:endure",
    "tm:facade",
    "tm:faketears",
    "tm:firefang",
    "tm:foulplay",
    "tm:gigaimpact",
    "tm:grassknot",
    "tm:hyperbeam",
    "tm:icefang",
    "tm:mudshot",
    "tm:nastyplot",
    "tm:playrough",
    "tm:protect",
    "tm:psychic",
    "tm:rest",
    "tm:round",
    "tm:screech",
    "tm:shadowball",
    "tm:shadowclaw",
    "tm:sleeptalk",
    "tm:snarl",
    "tm:snore",
    "tm:substitute",
    "tm:swift",
    "tm:tailslap",
    "tm:taunt",
    "tm:thief",
    "tm:thunderfang",
    "tm:uturn",
    "tutor:burningjealousy",
    "tutor:lashout"
  ],
  "labels": [
    "gen8"
  ],
  "pokedex": [
    "cobblemon.species.thievul.desc"
  ],
  "preEvolution": "nickit",
  "evolutions": [],
  "baseScale": 0.7,
  "hitbox": {
    "width": 1.2,
    "height": 2.0,
    "fixed": false
  },
  "baseFriendship": 50,
  "evYield": {
    "hp": 0,
    "attack": 0,
    "defence": 0,
    "special_attack": 0,
    "special_defence": 2,
    "speed": 0
  },
  "height": 12,
  "weight": 199,
  "aspects": [],
  "cannotDynamax": false
}
