{
    "parent": "item/generated",
    "textures": {
        "layer0": "item/music_disc_11"
    },
    "overrides": [
        {
            "predicate": {
                "custom_model_data": 1
            },
            "model": "item/music_disc_bdspbattlegymleader"
        },
        {
            "predicate": {
                "custom_model_data": 2
            },
            "model": "item/music_disc_bdspchampionbattle"
        },
        {
            "predicate": {
                "custom_model_data": 3
            },
            "model": "item/music_disc_bdspcynthia"
        },
        {
            "predicate": {
                "custom_model_data": 4
            },
            "model": "item/music_disc_bdspgym"
        },
        {
            "predicate": {
                "custom_model_data": 5
            },
            "model": "item/music_disc_bdspobtainedgymbadge"
        },
        {
            "predicate": {
                "custom_model_data": 6
            },
            "model": "item/music_disc_bdsppokmonleague"
        },
        {
            "predicate": {
                "custom_model_data": 7
            },
            "model": "item/music_disc_smaetherpresidentlusamine"
        }
    ]
}