{
    "head": "body",
    "portraitScale": 0.75,
    "portraitTranslation": [ 0, 0.75, 0 ],
    "profileScale": 0.55,
    "profileTranslation": [ 0, 0.8, 0 ],
    "poses": {
      "standing": {
        "poseName": "standing",
        "transformTicks": 10,
        "poseTypes": [
          "STAND",
          "NONE",
          "PORTRAIT",
          "PROFILE"
        ],
        "animations": [
          "bedrock(darmanitangalar, ground_idle)"
        ]
      },
      "walking": {
        "poseName": "walking",
        "transformTicks": 10,
        "poseTypes": [ "WALK" ],
        "animations": [ 
          "bedrock(darmanitangalar, ground_walk)"
        ]
      }
    }
  }