{
  "implemented": true,
  "name": "Dragonite",
  "nationalPokedexNumber": 149,
  "primaryType": "dragon",
  "secondaryType": "flying",
  "abilities": [
    "innerfocus",
    "h:multiscale"
  ],
  "baseStats": {
    "hp": 91,
    "attack": 134,
    "defence": 95,
    "special_attack": 100,
    "special_defence": 100,
    "speed": 80
  },
  "catchRate": 45,
  "maleRatio": 0.5,
  "shoulderMountable": false,
  "baseExperienceYield": 300,
  "experienceGroup": "slow",
  "eggCycles": 40,
  "eggGroups": [
    "water_1",
    "dragon"
  ],
  "behaviour": {
    "moving": {
      "swim": {
        "canWalkOnWater": true,
        "canSwimInWater": true,
        "canBreatheUnderwater": true
      },
      "fly": {
        "canFly": true
      },
      "walk": {
        "walkSpeed": 0.2
      }
    }
  },
  "drops": {
    "amount": 6,
    "entries": [
      {
        "item": "minecraft:dragon_breath",
        "quantityRange": "0-3"
      },
      {
        "item": "cobblemon:dragon_fang",
        "percentage": 10.0
      },
      {
        "item": "cobblemon:dragon_scale",
        "percentage": 10.0
      },
      {
        "item": "cobblemon:yache_berry",
        "percentage": 10.0
      }
    ]
  },
  "moves": [
    "1:extremespeed",
    "1:firepunch",
    "1:hurricane",
    "1:leer",
    "1:roost",
    "1:thunderpunch",
    "1:thunderwave",
    "1:twister",
    "1:wingattack",
    "1:wrap",
    "15:dragonrage",
    "15:dragontail",
    "20:agility",
    "25:slam",
    "33:aquatail",
    "39:dragonrush",
    "41:outrage",
    "46:safeguard",
    "53:raindance",
    "60:dracometeor",
    "62:dragondance",
    "80:hyperbeam",
    "tm:aerialace",
    "tm:agility",
    "tm:aircutter",
    "tm:airslash",
    "tm:attract",
    "tm:blizzard",
    "tm:bodypress",
    "tm:bodyslam",
    "tm:breakingswipe",
    "tm:brickbreak",
    "tm:brutalswing",
    "tm:bulldoze",
    "tm:captivate",
    "tm:chillingwater",
    "tm:confide",
    "tm:cut",
    "tm:defog",
    "tm:dive",
    "tm:doubleteam",
    "tm:dracometeor",
    "tm:dragoncheer",
    "tm:dragonclaw",
    "tm:dragondance",
    "tm:dragonpulse",
    "tm:dragontail",
    "tm:earthquake",
    "tm:encore",
    "tm:endure",
    "tm:facade",
    "tm:fireblast",
    "tm:firepunch",
    "tm:firespin",
    "tm:flamethrower",
    "tm:fling",
    "tm:fly",
    "tm:focusblast",
    "tm:focuspunch",
    "tm:frustration",
    "tm:gigaimpact",
    "tm:hail",
    "tm:haze",
    "tm:heatwave",
    "tm:helpinghand",
    "tm:hiddenpower",
    "tm:honeclaws",
    "tm:hurricane",
    "tm:hydropump",
    "tm:hyperbeam",
    "tm:icebeam",
    "tm:icepunch",
    "tm:icespinner",
    "tm:icywind",
    "tm:incinerate",
    "tm:ironhead",
    "tm:irontail",
    "tm:lightscreen",
    "tm:lowkick",
    "tm:megakick",
    "tm:megapunch",
    "tm:metronome",
    "tm:naturalgift",
    "tm:outrage",
    "tm:poweruppunch",
    "tm:protect",
    "tm:raindance",
    "tm:rest",
    "tm:return",
    "tm:roar",
    "tm:rockslide",
    "tm:rocksmash",
    "tm:rocktomb",
    "tm:roost",
    "tm:round",
    "tm:safeguard",
    "tm:sandstorm",
    "tm:scaleshot",
    "tm:scaryface",
    "tm:secretpower",
    "tm:shockwave",
    "tm:skydrop",
    "tm:sleeptalk",
    "tm:snore",
    "tm:snowscape",
    "tm:steelwing",
    "tm:stompingtantrum",
    "tm:stoneedge",
    "tm:strength",
    "tm:substitute",
    "tm:sunnyday",
    "tm:superpower",
    "tm:surf",
    "tm:swagger",
    "tm:swift",
    "tm:tailwind",
    "tm:takedown",
    "tm:terablast",
    "tm:thunder",
    "tm:thunderbolt",
    "tm:thunderpunch",
    "tm:thunderwave",
    "tm:toxic",
    "tm:waterfall",
    "tm:waterpulse",
    "tm:weatherball",
    "tm:whirlpool",
    "tutor:agility",
    "tutor:aircutter",
    "tutor:aquajet",
    "tutor:aquatail",
    "tutor:attract",
    "tutor:barrier",
    "tutor:bide",
    "tutor:bind",
    "tutor:blizzard",
    "tutor:bodyslam",
    "tutor:brickbreak",
    "tutor:bubblebeam",
    "tutor:curse",
    "tutor:defog",
    "tutor:detect",
    "tutor:dive",
    "tutor:doubleedge",
    "tutor:doubleteam",
    "tutor:dracometeor",
    "tutor:dragonbreath",
    "tutor:dragonclaw",
    "tutor:dragondance",
    "tutor:dragonpulse",
    "tutor:dragonrage",
    "tutor:dragonrush",
    "tutor:dragontail",
    "tutor:dualwingbeat",
    "tutor:dynamicpunch",
    "tutor:earthquake",
    "tutor:endure",
    "tutor:extremespeed",
    "tutor:facade",
    "tutor:fireblast",
    "tutor:firepunch",
    "tutor:flamethrower",
    "tutor:fly",
    "tutor:focuspunch",
    "tutor:frustration",
    "tutor:furycutter",
    "tutor:headbutt",
    "tutor:healbell",
    "tutor:heatwave",
    "tutor:hiddenpower",
    "tutor:horndrill",
    "tutor:hurricane",
    "tutor:hyperbeam",
    "tutor:icebeam",
    "tutor:icepunch",
    "tutor:icywind",
    "tutor:ironhead",
    "tutor:irontail",
    "tutor:leer",
    "tutor:lightscreen",
    "tutor:mimic",
    "tutor:mist",
    "tutor:mudslap",
    "tutor:ominouswind",
    "tutor:outrage",
    "tutor:protect",
    "tutor:rage",
    "tutor:raindance",
    "tutor:razorwind",
    "tutor:reflect",
    "tutor:rest",
    "tutor:return",
    "tutor:rockslide",
    "tutor:rocksmash",
    "tutor:roost",
    "tutor:safeguard",
    "tutor:sandstorm",
    "tutor:scaleshot",
    "tutor:shockwave",
    "tutor:skullbash",
    "tutor:slam",
    "tutor:sleeptalk",
    "tutor:snore",
    "tutor:steelwing",
    "tutor:strength",
    "tutor:substitute",
    "tutor:superpower",
    "tutor:surf",
    "tutor:swagger",
    "tutor:swift",
    "tutor:tailwind",
    "tutor:takedown",
    "tutor:thunder",
    "tutor:thunderbolt",
    "tutor:thunderpunch",
    "tutor:thunderwave",
    "tutor:toxic",
    "tutor:twister",
    "tutor:waterfall",
    "tutor:watergun",
    "tutor:waterpulse",
    "tutor:whirlpool",
    "tutor:wingattack",
    "tutor:wrap",
    "tutor:zapcannon"
  ],
  "labels": [
    "gen1",
    "pseudo_legendary"
  ],
  "pokedex": [
    "cobblemon.species.dragonite.desc"
  ],
  "preEvolution": "dragonair",
  "evolutions": [],
  "baseScale": 0.9,
  "hitbox": {
    "width": 1.5,
    "height": 3.2,
    "fixed": false
  },
  "baseFriendship": 35,
  "evYield": {
    "hp": 0,
    "attack": 3,
    "defence": 0,
    "special_attack": 0,
    "special_defence": 0,
    "speed": 0
  },
  "height": 22,
  "weight": 2100,
  "aspects": [],
  "cannotDynamax": false
}
