{
  "implemented": true,
  "name": "Venusaur",
  "nationalPokedexNumber": 3,
  "primaryType": "grass",
  "secondaryType": "poison",
  "abilities": [
    "overgrow",
    "h:chlorophyll"
  ],
  "baseStats": {
    "hp": 80,
    "attack": 82,
    "defence": 83,
    "special_attack": 100,
    "special_defence": 100,
    "speed": 80
  },
  "behaviour": {
    "resting": {
      "canSleep": true,
      "depth": "normal",
      "light": "0-4"
    },
    "moving": {
      "walk": {
        "walkSpeed": 0.3
      }
    }
  },
  "catchRate": 45,
  "maleRatio": 0.875,
  "shoulderMountable": false,
  "forms": [
    {
      "name": "Mega",
      "primaryType": "grass",
      "secondaryType": "poison",
      "abilities": [
        "thickfat"
      ],
      "baseStats": {
        "hp": 80,
        "attack": 100,
        "defence": 123,
        "special_attack": 122,
        "special_defence": 120,
        "speed": 80
      },
      "catchRate": 45,
      "maleRatio": 0.875,
      "baseExperienceYield": 263,
      "baseFriendship": 50,
      "evYield": {
        "hp": 0,
        "attack": 0,
        "defence": 0,
        "special_attack": 2,
        "special_defence": 1,
        "speed": 0
      },
      "experienceGroup": "medium_slow",
      "eggCycles": 20,
      "eggGroups": [
        "monster",
        "grass"
      ],
      "labels": [
        "gen6",
        "mega"
      ],
      "aspects": [
        "mega"
      ],
      "height": 24,
      "weight": 1555,
      "cannotDynamax": false,
      "battleOnly": true
    },
    {
      "name": "Gmax",
      "primaryType": "grass",
      "secondaryType": "poison",
      "abilities": [
        "overgrow",
        "h:chlorophyll"
      ],
      "baseStats": {
        "hp": 80,
        "attack": 82,
        "defence": 83,
        "special_attack": 100,
        "special_defence": 100,
        "speed": 80
      },
      "catchRate": 45,
      "maleRatio": 0.875,
      "baseExperienceYield": 263,
      "baseFriendship": 50,
      "evYield": {
        "hp": 0,
        "attack": 0,
        "defence": 0,
        "special_attack": 2,
        "special_defence": 1,
        "speed": 0
      },
      "experienceGroup": "medium_slow",
      "eggCycles": 20,
      "eggGroups": [
        "monster",
        "grass"
      ],
      "labels": [
        "gen8",
        "gmax"
      ],
      "aspects": [
        "gmax"
      ],
      "height": 20,
      "weight": 0,
      "cannotDynamax": false,
      "battleOnly": false
    }
  ],
  "baseExperienceYield": 263,
  "experienceGroup": "medium_slow",
  "eggCycles": 20,
  "eggGroups": [
    "monster",
    "grass"
  ],
  "drops": {
    "amount": 2,
    "entries": [
      {
        "item": "minecraft:wheat_seeds"
      },
      {
        "item": "cobblemon:coba_berry",
        "percentage": 2.5
      }
    ]
  },
  "moves": [
    "1:growl",
    "1:growth",
    "1:petaldance",
    "1:tackle",
    "1:vinewhip",
    "9:leechseed",
    "12:razorleaf",
    "15:poisonpowder",
    "15:sleeppowder",
    "20:seedbomb",
    "25:takedown",
    "30:sweetscent",
    "37:synthesis",
    "44:worryseed",
    "50:petalblizzard",
    "51:doubleedge",
    "51:powerwhip",
    "58:solarbeam",
    "60:frenzyplant",
    "tm:acidspray",
    "tm:amnesia",
    "tm:attract",
    "tm:bodyslam",
    "tm:bulldoze",
    "tm:bulletseed",
    "tm:captivate",
    "tm:charm",
    "tm:confide",
    "tm:curse",
    "tm:cut",
    "tm:doubleedge",
    "tm:doubleteam",
    "tm:earthpower",
    "tm:earthquake",
    "tm:echoedvoice",
    "tm:endure",
    "tm:energyball",
    "tm:facade",
    "tm:falseswipe",
    "tm:flash",
    "tm:frenzyplant",
    "tm:frustration",
    "tm:gigadrain",
    "tm:gigaimpact",
    "tm:grassknot",
    "tm:grasspledge",
    "tm:grassyglide",
    "tm:grassyterrain",
    "tm:helpinghand",
    "tm:hiddenpower",
    "tm:hyperbeam",
    "tm:knockoff",
    "tm:leafstorm",
    "tm:lightscreen",
    "tm:magicalleaf",
    "tm:naturalgift",
    "tm:naturepower",
    "tm:outrage",
    "tm:petalblizzard",
    "tm:poisonjab",
    "tm:powerwhip",
    "tm:protect",
    "tm:rest",
    "tm:return",
    "tm:roar",
    "tm:rockclimb",
    "tm:rocksmash",
    "tm:round",
    "tm:safeguard",
    "tm:scaryface",
    "tm:secretpower",
    "tm:seedbomb",
    "tm:sleeptalk",
    "tm:sludgebomb",
    "tm:snore",
    "tm:solarbeam",
    "tm:stompingtantrum",
    "tm:strength",
    "tm:substitute",
    "tm:sunnyday",
    "tm:swagger",
    "tm:swordsdance",
    "tm:takedown",
    "tm:terablast",
    "tm:toxic",
    "tm:trailblaze",
    "tm:venoshock",
    "tm:weatherball",
    "tm:workup",
    "tutor:amnesia",
    "tutor:attract",
    "tutor:bide",
    "tutor:bind",
    "tutor:block",
    "tutor:bodyslam",
    "tutor:curse",
    "tutor:cut",
    "tutor:defensecurl",
    "tutor:doubleedge",
    "tutor:doubleteam",
    "tutor:earthquake",
    "tutor:endure",
    "tutor:facade",
    "tutor:flash",
    "tutor:frenzyplant",
    "tutor:frustration",
    "tutor:furycutter",
    "tutor:gigadrain",
    "tutor:grasspledge",
    "tutor:grassyglide",
    "tutor:growl",
    "tutor:growth",
    "tutor:headbutt",
    "tutor:hiddenpower",
    "tutor:hyperbeam",
    "tutor:knockoff",
    "tutor:leechseed",
    "tutor:lightscreen",
    "tutor:megadrain",
    "tutor:mimic",
    "tutor:mudslap",
    "tutor:outrage",
    "tutor:petaldance",
    "tutor:poisonpowder",
    "tutor:powerwhip",
    "tutor:protect",
    "tutor:rage",
    "tutor:razorleaf",
    "tutor:reflect",
    "tutor:rest",
    "tutor:return",
    "tutor:roar",
    "tutor:seedbomb",
    "tutor:sleeppowder",
    "tutor:sleeptalk",
    "tutor:sludgebomb",
    "tutor:snore",
    "tutor:solarbeam",
    "tutor:stompingtantrum",
    "tutor:stringshot",
    "tutor:substitute",
    "tutor:sunnyday",
    "tutor:swagger",
    "tutor:sweetscent",
    "tutor:swordsdance",
    "tutor:synthesis",
    "tutor:tackle",
    "tutor:takedown",
    "tutor:terrainpulse",
    "tutor:toxic",
    "tutor:vinewhip",
    "tutor:worryseed"
  ],
  "labels": [
    "gen1"
  ],
  "pokedex": [
    "cobblemon.species.venusaur.desc"
  ],
  "preEvolution": "ivysaur",
  "evolutions": [],
  "baseScale": 2,
  "hitbox": {
    "width": 1.5,
    "height": 1.4,
    "fixed": false
  },
  "baseFriendship": 50,
  "evYield": {
    "hp": 0,
    "attack": 0,
    "defence": 0,
    "special_attack": 2,
    "special_defence": 1,
    "speed": 0
  },
  "height": 20,
  "weight": 1000,
  "aspects": [],
  "cannotDynamax": false
}
