{
  "implemented": true,
  "name": "Rapidash",
  "nationalPokedexNumber": 78,
  "primaryType": "fire",
  "abilities": [
    "runaway",
    "flashfire",
    "h:flamebody"
  ],
  "baseStats": {
    "hp": 65,
    "attack": 100,
    "defence": 70,
    "special_attack": 80,
    "special_defence": 80,
    "speed": 105
  },
  "lightingData": {
    "lightLevel": 15,
    "liquidGlowMode": "LAND"
  },
  "features": [
    "galarian"
  ],
  "catchRate": 60,
  "maleRatio": 0.5,
  "shoulderMountable": false,
  "forms": [
    {
      "name": "Galar",
      "primaryType": "psychic",
      "secondaryType": "fairy",
      "abilities": [
        "runaway",
        "pastelveil",
        "h:anticipation"
      ],
      "baseStats": {
        "hp": 65,
        "attack": 100,
        "defence": 70,
        "special_attack": 80,
        "special_defence": 80,
        "speed": 105
      },
      "lightingData": {
        "lightLevel": 15,
        "liquidGlowMode": "LAND"
      },
      "behaviour": {
        "resting": {
          "canSleep": false,
          "willSleepOnBed": false,
          "depth": "normal",
          "light": "0-4"
        },
        "moving": {
          "walk": {
            "walkSpeed": 0.35
          }
        }
      },
      "catchRate": 60,
      "maleRatio": 0.5,
      "baseExperienceYield": 175,
      "baseFriendship": 50,
      "evYield": {
        "hp": 0,
        "attack": 0,
        "defence": 0,
        "special_attack": 0,
        "special_defence": 0,
        "speed": 2
      },
      "experienceGroup": "medium_fast",
      "eggCycles": 20,
      "eggGroups": [
        "field"
      ],
      "moves": [
        "1:confusion",
        "1:growl",
        "1:megahorn",
        "1:quickattack",
        "1:tackle",
        "1:tailwhip",
        "15:fairywind",
        "20:agility",
        "25:psybeam",
        "30:stomp",
        "35:healpulse",
        "43:takedown",
        "49:dazzlinggleam",
        "56:psychic",
        "63:healingwish",
        "tm:agility",
        "tm:allyswitch",
        "tm:attract",
        "tm:batonpass",
        "tm:bodyslam",
        "tm:bounce",
        "tm:calmmind",
        "tm:charm",
        "tm:dazzlinggleam",
        "tm:drillrun",
        "tm:endure",
        "tm:facade",
        "tm:futuresight",
        "tm:gigaimpact",
        "tm:highhorsepower",
        "tm:hyperbeam",
        "tm:imprison",
        "tm:irontail",
        "tm:lowkick",
        "tm:magicroom",
        "tm:megahorn",
        "tm:mistyterrain",
        "tm:mysticalfire",
        "tm:payday",
        "tm:playrough",
        "tm:protect",
        "tm:psychic",
        "tm:psychicterrain",
        "tm:psychocut",
        "tm:rest",
        "tm:round",
        "tm:sleeptalk",
        "tm:smartstrike",
        "tm:snore",
        "tm:storedpower",
        "tm:substitute",
        "tm:swift",
        "tm:swordsdance",
        "tm:throatchop",
        "tm:trickroom",
        "tm:wildcharge",
        "tm:wonderroom",
        "tm:zenheadbutt",
        "tutor:expandingforce"
      ],
      "labels": [
        "gen8",
        "galar_regional"
      ],
      "aspects": [
        "galarian"
      ],
      "height": 17,
      "weight": 800,
      "preEvolution": "ponyta galarian",
      "cannotDynamax": false,
      "battleOnly": false,
      "drops": {
        "amount": 3,
        "entries": [
          {
            "item": "minecraft:leather",
            "quantityRange": "0-2"
          },
          {
            "item": "cobblemon:razz_berry",
            "percentage": 5.0
          }
        ]
      }
    }
  ],
  "baseExperienceYield": 175,
  "experienceGroup": "medium_fast",
  "eggCycles": 20,
  "eggGroups": [
    "field"
  ],
  "behaviour": {
    "resting": {
      "canSleep": true,
      "willSleepOnBed": false,
      "depth": "normal",
      "light": "0-4"
    },
    "moving": {
      "walk": {
        "walkSpeed": 0.35
      }
    }
  },
  "drops": {
    "amount": 4,
    "entries": [
      {
        "item": "minecraft:leather",
        "quantityRange": "0-2"
      },
      {
        "item": "minecraft:blaze_powder",
        "percentage": 5.0
      },
      {
        "item": "cobblemon:shuca_berry",
        "percentage": 5.0
      }
    ]
  },
  "moves": [
    "1:ember",
    "1:furyattack",
    "1:growl",
    "1:megahorn",
    "1:poisonjab",
    "1:quickattack",
    "1:tackle",
    "1:tailwhip",
    "15:flamecharge",
    "20:agility",
    "25:flamewheel",
    "30:stomp",
    "35:firespin",
    "43:takedown",
    "45:bounce",
    "49:inferno",
    "56:fireblast",
    "63:flareblitz",
    "tm:agility",
    "tm:allyswitch",
    "tm:attract",
    "tm:batonpass",
    "tm:bodyslam",
    "tm:bounce",
    "tm:captivate",
    "tm:charm",
    "tm:confide",
    "tm:doubleteam",
    "tm:drillrun",
    "tm:echoedvoice",
    "tm:endure",
    "tm:facade",
    "tm:fireblast",
    "tm:firespin",
    "tm:flamecharge",
    "tm:flamethrower",
    "tm:flareblitz",
    "tm:frustration",
    "tm:gigaimpact",
    "tm:heatwave",
    "tm:hiddenpower",
    "tm:highhorsepower",
    "tm:hyperbeam",
    "tm:incinerate",
    "tm:irontail",
    "tm:lowkick",
    "tm:megahorn",
    "tm:mysticalfire",
    "tm:naturalgift",
    "tm:overheat",
    "tm:payday",
    "tm:playrough",
    "tm:poisonjab",
    "tm:protect",
    "tm:rest",
    "tm:return",
    "tm:round",
    "tm:secretpower",
    "tm:sleeptalk",
    "tm:smartstrike",
    "tm:snore",
    "tm:solarbeam",
    "tm:solarblade",
    "tm:strength",
    "tm:substitute",
    "tm:sunnyday",
    "tm:swagger",
    "tm:swift",
    "tm:swordsdance",
    "tm:throatchop",
    "tm:toxic",
    "tm:wildcharge",
    "tm:willowisp",
    "tutor:agility",
    "tutor:allyswitch",
    "tutor:attract",
    "tutor:batonpass",
    "tutor:bide",
    "tutor:bodyslam",
    "tutor:bounce",
    "tutor:curse",
    "tutor:doubleedge",
    "tutor:doublekick",
    "tutor:doubleteam",
    "tutor:drillrun",
    "tutor:ember",
    "tutor:endure",
    "tutor:facade",
    "tutor:fireblast",
    "tutor:firespin",
    "tutor:flamethrower",
    "tutor:flareblitz",
    "tutor:frustration",
    "tutor:furyattack",
    "tutor:growl",
    "tutor:headbutt",
    "tutor:heatwave",
    "tutor:hiddenpower",
    "tutor:horndrill",
    "tutor:hyperbeam",
    "tutor:hypnosis",
    "tutor:irontail",
    "tutor:lowkick",
    "tutor:megahorn",
    "tutor:mimic",
    "tutor:poisonjab",
    "tutor:protect",
    "tutor:quickattack",
    "tutor:rage",
    "tutor:reflect",
    "tutor:rest",
    "tutor:return",
    "tutor:scorchingsands",
    "tutor:skullbash",
    "tutor:sleeptalk",
    "tutor:snore",
    "tutor:solarbeam",
    "tutor:stomp",
    "tutor:substitute",
    "tutor:sunnyday",
    "tutor:swagger",
    "tutor:swift",
    "tutor:tackle",
    "tutor:tailwhip",
    "tutor:takedown",
    "tutor:throatchop",
    "tutor:toxic",
    "tutor:willowisp"
  ],
  "labels": [
    "gen1",
    "kanto_regional"
  ],
  "pokedex": [
    "cobblemon.species.rapidash.desc"
  ],
  "preEvolution": "ponyta",
  "evolutions": [],
  "baseScale": 1.2,
  "hitbox": {
    "width": 0.9,
    "height": 2,
    "fixed": false
  },
  "baseFriendship": 50,
  "evYield": {
    "hp": 0,
    "attack": 0,
    "defence": 0,
    "special_attack": 0,
    "special_defence": 0,
    "speed": 2
  },
  "height": 17,
  "weight": 950,
  "aspects": [],
  "cannotDynamax": false
}
