{
    "target": "cobblemon:applin",
		  "shoulderMountable": true,
    "baseScale": 0.4,
    "hitbox": {
        "width": 0.3,
        "height": 0.4,
        "fixed": false
    },
	    "behaviour": {
        "resting": {
            "canSleep": true,
            "depth": "normal",
            "light": "0-4"
        },
        "moving": {
            "canLook": false,
            "walk": {
				"walkSpeed": 0.175,
                "canWalk": true,
                "avoidsLand": false
            },
            "swim": {
                "swimSpeed": 0.1,
                "canSwimInWater": true,
                "canBreatheUnderwater": false
            }
        }
    },
    "evolutions": [
        {
            "id": "applin_dipplin",
            "variant": "level_up",
            "result": "dipplin",
            "consumeHeldItem": false,
            "learnableMoves": [],
			"requirements": [
			{
          "variant": "held_item",
          "itemCondition": "minecraft:honey_bottle"
			},
			{
          "variant": "level",
          "minLevel": 1
			}
            ]
        }
    ]
}